,expanded states,used states,expanded transitions,used transitions,synthesis time(ms),findNewGoals,findNewErrors,propagateGoals,propagateErrors,memory(mb),heuristic time(ms),algorithm,heuristic,problem,n,k,training time,training steps,eta,nnsize,epsilon,avg q,idx,ra 1,ra 2,controllable,depth,state unexplorability,state marked,child marked,child goal,child error,child none,child deadlock,uncontrollability child,unexplorability child
0,33,22,60,36,159,20,0,1,6,18.66,12.0,new,e,AT,2,2,14.069390773773193,10000,1e-06,20,0.1,-0.42278057,0,-0.07873137,-0.31756043,-0.884736,-1.6664813,-2.1666954,0.847043,-0.58461833,-8.34465e-07,-1.1358567,-1.2830043,0.0,-2.2581382,-1.2013112
1,319,183,666,354,659,267,0,1,160,113.88,101.0,new,e,AT,3,3,14.069390773773193,10000,1e-06,20,0.1,-0.42278057,0,-0.07873137,-0.31756043,-0.884736,-1.6664813,-2.1666954,0.847043,-0.58461833,-8.34465e-07,-1.1358567,-1.2830043,0.0,-2.2581382,-1.2013112
2,34,27,60,45,182,20,0,1,8,18.66,13.0,new,e,AT,2,2,27.242121934890747,20000,1e-06,20,0.1,-0.98174137,1,-0.21527785,-0.39304972,-1.1562617,-1.5356548,-2.1360278,0.72951835,-0.20079604,-8.34465e-07,-0.9581574,-1.5081263,0.0,-1.5587465,-1.4005275
3,326,169,675,316,589,280,0,1,165,118.89,78.0,new,e,AT,3,3,27.242121934890747,20000,1e-06,20,0.1,-0.98174137,1,-0.21527785,-0.39304972,-1.1562617,-1.5356548,-2.1360278,0.72951835,-0.20079604,-8.34465e-07,-0.9581574,-1.5081263,0.0,-1.5587465,-1.4005275
4,34,27,60,45,167,20,0,1,8,18.66,15.0,new,e,AT,2,2,40.4953088760376,30000,1e-06,20,0.1,-1.6159636,2,-0.2965243,-0.44491833,-1.2746025,-1.3874304,-2.1085641,0.56243783,-0.12503652,-7.1525574e-07,-0.7892957,-1.6149101,0.0,-1.1747601,-1.4919213
5,319,152,660,281,569,275,0,1,164,105.89,90.0,new,e,AT,3,3,40.4953088760376,30000,1e-06,20,0.1,-1.6159636,2,-0.2965243,-0.44491833,-1.2746025,-1.3874304,-2.1085641,0.56243783,-0.12503652,-7.1525574e-07,-0.7892957,-1.6149101,0.0,-1.1747601,-1.4919213
6,34,27,60,45,188,20,0,1,8,18.66,13.0,new,e,AT,2,2,53.698915004730225,40000,1e-06,20,0.1,-2.378997,3,-0.37102666,-0.5267615,-1.3173022,-1.2859945,-2.091169,0.40939912,-0.113906264,-7.1525574e-07,-0.68642503,-1.6685209,0.0,-0.98599726,-1.5545286
7,319,152,660,285,711,264,0,1,164,104.85,106.0,new,e,AT,3,3,53.698915004730225,40000,1e-06,20,0.1,-2.378997,3,-0.37102666,-0.5267615,-1.3173022,-1.2859945,-2.091169,0.40939912,-0.113906264,-7.1525574e-07,-0.68642503,-1.6685209,0.0,-0.98599726,-1.5545286
8,34,27,60,45,193,21,0,1,8,18.66,13.0,new,e,AT,2,2,66.9183075428009,50000,1e-06,20,0.1,-3.2970104,4,-0.44572127,-0.6050969,-1.3217776,-1.225451,-2.0894468,0.2871424,-0.10626726,-6.556511e-07,-0.59824795,-1.6777735,0.0,-0.895657,-1.5868545
9,319,153,660,286,573,270,0,1,164,111.84,81.0,new,e,AT,3,3,66.9183075428009,50000,1e-06,20,0.1,-3.2970104,4,-0.44572127,-0.6050969,-1.3217776,-1.225451,-2.0894468,0.2871424,-0.10626726,-6.556511e-07,-0.59824795,-1.6777735,0.0,-0.895657,-1.5868545
10,34,27,60,45,185,21,0,1,8,18.66,11.0,new,e,AT,2,2,80.15930032730103,60000,1e-06,20,0.1,-4.4024687,5,-0.5250894,-0.6748676,-1.3050442,-1.2017068,-2.0954347,0.19142073,-0.09911455,-5.9604645e-07,-0.5381839,-1.6784194,0.0,-0.8591298,-1.6094804
11,319,153,659,286,600,270,0,1,163,113.87,83.0,new,e,AT,3,3,80.15930032730103,60000,1e-06,20,0.1,-4.4024687,5,-0.5250894,-0.6748676,-1.3050442,-1.2017068,-2.0954347,0.19142073,-0.09911455,-5.9604645e-07,-0.5381839,-1.6784194,0.0,-0.8591298,-1.6094804
12,34,27,60,45,160,21,0,1,8,18.66,8.0,new,e,AT,2,2,93.42744731903076,70000,1e-06,20,0.1,-5.701003,6,-0.601574,-0.7382591,-1.2784301,-1.1943593,-2.1011865,0.11623347,-0.093715504,-5.9604645e-07,-0.49881634,-1.6809516,0.0,-0.8556302,-1.6314074
13,319,153,659,286,600,264,0,1,163,114.87,98.0,new,e,AT,3,3,93.42744731903076,70000,1e-06,20,0.1,-5.701003,6,-0.601574,-0.7382591,-1.2784301,-1.1943593,-2.1011865,0.11623347,-0.093715504,-5.9604645e-07,-0.49881634,-1.6809516,0.0,-0.8556302,-1.6314074
14,34,27,60,45,163,21,0,1,8,18.66,13.0,new,e,AT,2,2,106.72588872909546,80000,1e-06,20,0.1,-7.184419,7,-0.6672618,-0.80243796,-1.2464192,-1.1973615,-2.1164777,0.053485632,-0.08821401,-6.556511e-07,-0.48187625,-1.7039554,0.0,-0.8822177,-1.6561992
15,319,152,659,285,655,264,0,1,163,114.87,106.0,new,e,AT,3,3,106.72588872909546,80000,1e-06,20,0.1,-7.184419,7,-0.6672618,-0.80243796,-1.2464192,-1.1973615,-2.1164777,0.053485632,-0.08821401,-6.556511e-07,-0.48187625,-1.7039554,0.0,-0.8822177,-1.6561992
16,34,27,60,45,168,21,0,1,8,18.66,17.0,new,e,AT,2,2,120.03214359283447,90000,1e-06,20,0.1,-8.838441,8,-0.7332951,-0.8643206,-1.2066283,-1.2063019,-2.1275403,-0.00045859814,-0.083229005,-7.1525574e-07,-0.4789394,-1.732779,0.0,-0.9245983,-1.6906395
17,319,153,659,286,667,264,0,1,163,115.89,101.0,new,e,AT,3,3,120.03214359283447,90000,1e-06,20,0.1,-8.838441,8,-0.7332951,-0.8643206,-1.2066283,-1.2063019,-2.1275403,-0.00045859814,-0.083229005,-7.1525574e-07,-0.4789394,-1.732779,0.0,-0.9245983,-1.6906395
18,34,27,60,45,174,21,0,1,8,18.66,16.0,new,e,AT,2,2,133.48546266555786,100000,1e-06,20,0.1,-10.592866,9,-0.7856244,-0.9312468,-1.1603298,-1.2320496,-2.1593158,-0.048578262,-0.07852423,-8.34465e-07,-0.49236083,-1.802664,0.0,-0.9887916,-1.7315881
19,319,152,659,285,565,264,0,1,163,114.85,84.0,new,e,AT,3,3,133.48546266555786,100000,1e-06,20,0.1,-10.592866,9,-0.7856244,-0.9312468,-1.1603298,-1.2320496,-2.1593158,-0.048578262,-0.07852423,-8.34465e-07,-0.49236083,-1.802664,0.0,-0.9887916,-1.7315881
20,34,27,60,45,179,21,0,1,8,18.66,12.0,new,e,AT,2,2,146.99773573875427,110000,1e-06,20,0.1,-12.351076,10,-0.82200056,-1.0031706,-1.1086458,-1.2719578,-2.202133,-0.09556687,-0.07498178,-7.748604e-07,-0.52106106,-1.8975239,0.0,-1.0569028,-1.7856703
21,319,152,659,285,628,264,0,1,163,114.9,86.0,new,e,AT,3,3,146.99773573875427,110000,1e-06,20,0.1,-12.351076,10,-0.82200056,-1.0031706,-1.1086458,-1.2719578,-2.202133,-0.09556687,-0.07498178,-7.748604e-07,-0.52106106,-1.8975239,0.0,-1.0569028,-1.7856703
22,34,27,60,45,187,21,0,1,8,18.66,16.0,new,e,AT,2,2,160.54179668426514,120000,1e-06,20,0.1,-14.122331,11,-0.85924095,-1.0775839,-1.0488687,-1.3181505,-2.237901,-0.14177793,-0.07210815,-7.1525574e-07,-0.56185406,-1.9994942,0.0,-1.1392288,-1.847047
23,319,151,659,280,600,262,0,1,163,116.86,103.0,new,e,AT,3,3,160.54179668426514,120000,1e-06,20,0.1,-14.122331,11,-0.85924095,-1.0775839,-1.0488687,-1.3181505,-2.237901,-0.14177793,-0.07210815,-7.1525574e-07,-0.56185406,-1.9994942,0.0,-1.1392288,-1.847047
24,34,27,60,45,160,21,0,1,8,18.66,16.0,new,e,AT,2,2,174.0972921848297,130000,1e-06,20,0.1,-15.8314705,12,-0.88243514,-1.1613848,-0.9838985,-1.3728213,-2.266468,-0.18794847,-0.070357606,-8.34465e-07,-0.6162574,-2.1036813,0.0,-1.2307557,-1.9248868
25,319,150,659,278,563,266,0,1,163,115.88,88.0,new,e,AT,3,3,174.0972921848297,130000,1e-06,20,0.1,-15.8314705,12,-0.88243514,-1.1613848,-0.9838985,-1.3728213,-2.266468,-0.18794847,-0.070357606,-8.34465e-07,-0.6162574,-2.1036813,0.0,-1.2307557,-1.9248868
26,34,27,60,45,191,21,0,1,8,18.66,11.0,new,e,AT,2,2,187.75809335708618,140000,1e-06,20,0.1,-17.592024,13,-0.9101294,-1.2410295,-0.9140258,-1.4242144,-2.2824743,-0.23525167,-0.068416685,-8.34465e-07,-0.6736562,-2.2076664,0.0,-1.3271774,-2.0024896
27,319,150,659,278,568,266,0,1,163,116.88,80.0,new,e,AT,3,3,187.75809335708618,140000,1e-06,20,0.1,-17.592024,13,-0.9101294,-1.2410295,-0.9140258,-1.4242144,-2.2824743,-0.23525167,-0.068416685,-8.34465e-07,-0.6736562,-2.2076664,0.0,-1.3271774,-2.0024896
28,34,27,60,45,159,19,0,1,8,18.66,13.0,new,e,AT,2,2,201.45774364471436,150000,1e-06,20,0.1,-19.2002,14,-0.9364206,-1.3303592,-0.82692957,-1.4820156,-2.287835,-0.2844767,-0.06710969,-8.34465e-07,-0.74469227,-2.322641,0.0,-1.4396471,-2.0972133
29,319,150,659,278,623,266,0,1,163,116.87,115.0,new,e,AT,3,3,201.45774364471436,150000,1e-06,20,0.1,-19.2002,14,-0.9364206,-1.3303592,-0.82692957,-1.4820156,-2.287835,-0.2844767,-0.06710969,-8.34465e-07,-0.74469227,-2.322641,0.0,-1.4396471,-2.0972133
30,34,27,60,45,159,19,0,1,8,18.66,9.0,new,e,AT,2,2,215.19679188728333,160000,1e-06,20,0.1,-20.519117,15,-0.92911273,-1.4230345,-0.7234063,-1.5562954,-2.301979,-0.33835012,-0.067582734,-9.536743e-07,-0.83292925,-2.4687924,0.0,-1.5627385,-2.2103844
31,319,152,659,285,629,255,0,1,163,116.86,99.0,new,e,AT,3,3,215.19679188728333,160000,1e-06,20,0.1,-20.519117,15,-0.92911273,-1.4230345,-0.7234063,-1.5562954,-2.301979,-0.33835012,-0.067582734,-9.536743e-07,-0.83292925,-2.4687924,0.0,-1.5627385,-2.2103844
32,34,27,60,45,160,19,0,1,8,18.66,9.0,new,e,AT,2,2,228.97202920913696,170000,1e-06,20,0.1,-21.81786,16,-0.9076549,-1.5109822,-0.6184275,-1.6224818,-2.3069608,-0.39876533,-0.06698725,-8.34465e-07,-0.92423266,-2.6099524,0.0,-1.6713293,-2.3197513
33,319,150,659,278,699,255,0,1,163,117.88,96.0,new,e,AT,3,3,228.97202920913696,170000,1e-06,20,0.1,-21.81786,16,-0.9076549,-1.5109822,-0.6184275,-1.6224818,-2.3069608,-0.39876533,-0.06698725,-8.34465e-07,-0.92423266,-2.6099524,0.0,-1.6713293,-2.3197513
34,33,25,54,39,162,15,0,1,7,18.18,18.0,new,e,AT,2,2,242.79322385787964,180000,1e-06,20,0.1,-23.157946,17,-0.9084347,-1.5898033,-0.50774163,-1.6737118,-2.2890224,-0.45560467,-0.07147515,-1.0728836e-06,-1.0219371,-2.711513,0.0,-1.7735641,-2.4128149
35,319,148,659,275,640,261,0,1,163,116.88,98.0,new,e,AT,3,3,242.79322385787964,180000,1e-06,20,0.1,-23.157946,17,-0.9084347,-1.5898033,-0.50774163,-1.6737118,-2.2890224,-0.45560467,-0.07147515,-1.0728836e-06,-1.0219371,-2.711513,0.0,-1.7735641,-2.4128149
36,33,25,54,39,167,15,0,1,7,18.18,18.0,new,e,AT,2,2,256.87614369392395,190000,1e-06,20,0.1,-24.365164,18,-0.91894656,-1.6634163,-0.39162052,-1.7165078,-2.2336485,-0.51365066,-0.07710777,-1.0728836e-06,-1.1170198,-2.8041968,5.9604645e-08,-1.8660314,-2.5144005
37,319,148,659,275,653,261,0,1,163,117.87,100.0,new,e,AT,3,3,256.87614369392395,190000,1e-06,20,0.1,-24.365164,18,-0.91894656,-1.6634163,-0.39162052,-1.7165078,-2.2336485,-0.51365066,-0.07710777,-1.0728836e-06,-1.1170198,-2.8041968,5.9604645e-08,-1.8660314,-2.5144005
38,33,25,54,39,156,15,0,1,7,18.18,10.0,new,e,AT,2,2,270.8968048095703,200000,1e-06,20,0.1,-25.330238,19,-0.9560376,-1.7299566,-0.27356896,-1.7611523,-2.1502879,-0.5763285,-0.08257434,-1.3113022e-06,-1.2307516,-2.8836474,0.0,-1.9403447,-2.6060786
39,291,150,637,277,660,146,0,4,120,122.86,229.0,new,e,AT,3,3,270.8968048095703,200000,1e-06,20,0.1,-25.330238,19,-0.9560376,-1.7299566,-0.27356896,-1.7611523,-2.1502879,-0.5763285,-0.08257434,-1.3113022e-06,-1.2307516,-2.8836474,0.0,-1.9403447,-2.6060786
40,33,25,54,39,171,15,0,1,7,18.18,16.0,new,e,AT,2,2,284.99230003356934,210000,1e-06,20,0.1,-26.188599,20,-0.9554767,-1.791852,-0.2271958,-1.7734572,-2.0786865,-0.63994616,-0.07921802,-1.1920929e-06,-1.3566159,-2.9738505,0.0,-1.9827219,-2.7165012
41,291,150,637,277,639,148,0,4,120,123.85,222.0,new,e,AT,3,3,284.99230003356934,210000,1e-06,20,0.1,-26.188599,20,-0.9554767,-1.791852,-0.2271958,-1.7734572,-2.0786865,-0.63994616,-0.07921802,-1.1920929e-06,-1.3566159,-2.9738505,0.0,-1.9827219,-2.7165012
42,37,27,67,45,194,15,0,3,10,19.14,15.0,new,e,AT,2,2,299.10728430747986,220000,1e-06,20,0.1,-26.933256,21,-0.916004,-1.8591411,-0.23134202,-1.7700763,-2.0293686,-0.70963156,-0.07473905,-1.1920929e-06,-1.503415,-3.0945106,0.0,-2.010741,-2.839655
43,291,150,637,277,711,162,0,4,120,124.86,228.0,new,e,AT,3,3,299.10728430747986,220000,1e-06,20,0.1,-26.933256,21,-0.916004,-1.8591411,-0.23134202,-1.7700763,-2.0293686,-0.70963156,-0.07473905,-1.1920929e-06,-1.503415,-3.0945106,0.0,-2.010741,-2.839655
44,33,25,54,39,187,13,0,1,7,18.18,13.0,new,e,AT,2,2,313.2477741241455,230000,1e-06,20,0.1,-27.66794,22,-0.8622203,-1.9212276,-0.2337875,-1.7490679,-1.9842572,-0.7791457,-0.06750199,-1.1920929e-06,-1.6512241,-3.2103052,2.9802322e-08,-2.022703,-2.980324
45,291,151,637,279,642,162,0,4,120,130.85,207.0,new,e,AT,3,3,313.2477741241455,230000,1e-06,20,0.1,-27.66794,22,-0.8622203,-1.9212276,-0.2337875,-1.7490679,-1.9842572,-0.7791457,-0.06750199,-1.1920929e-06,-1.6512241,-3.2103052,2.9802322e-08,-2.022703,-2.980324
46,37,27,67,45,163,15,0,3,10,19.14,20.0,new,e,AT,2,2,327.5544195175171,240000,1e-06,20,0.1,-28.568638,23,-0.8552597,-1.9680293,-0.2271289,-1.7221384,-1.9209832,-0.83921695,-0.062797144,-1.66893e-06,-1.7807823,-3.2942638,0.0,-2.028495,-3.1025016
47,265,151,599,279,637,181,0,4,82,124.86,221.0,new,e,AT,3,3,327.5544195175171,240000,1e-06,20,0.1,-28.568638,23,-0.8552597,-1.9680293,-0.2271289,-1.7221384,-1.9209832,-0.83921695,-0.062797144,-1.66893e-06,-1.7807823,-3.2942638,0.0,-2.028495,-3.1025016
48,37,27,67,45,195,15,0,3,10,19.14,22.0,new,e,AT,2,2,341.80155873298645,250000,1e-06,20,0.1,-29.283724,24,-0.8155438,-2.0144181,-0.22369611,-1.687975,-1.8648658,-0.90656245,-0.058559105,-1.4305115e-06,-1.9261186,-3.3912601,2.9802322e-08,-2.032057,-3.2449553
49,265,151,599,279,707,186,0,4,82,125.86,278.0,new,e,AT,3,3,341.80155873298645,250000,1e-06,20,0.1,-29.283724,24,-0.8155438,-2.0144181,-0.22369611,-1.687975,-1.8648658,-0.90656245,-0.058559105,-1.4305115e-06,-1.9261186,-3.3912601,2.9802322e-08,-2.032057,-3.2449553
50,33,25,54,39,158,7,0,1,7,18.18,12.0,new,e,AT,2,2,356.15411162376404,260000,1e-06,20,0.1,-29.834463,25,-0.74372137,-2.0496106,-0.22377807,-1.6365051,-1.8083978,-0.9728377,-0.05420623,-1.66893e-06,-2.0695364,-3.491983,2.9802322e-08,-2.0208027,-3.4150565
51,265,151,597,279,595,170,0,5,82,124.86,194.0,new,e,AT,3,3,356.15411162376404,260000,1e-06,20,0.1,-29.834463,25,-0.74372137,-2.0496106,-0.22377807,-1.6365051,-1.8083978,-0.9728377,-0.05420623,-1.66893e-06,-2.0695364,-3.491983,2.9802322e-08,-2.0208027,-3.4150565
52,32,25,53,39,156,7,0,1,7,18.18,12.0,new,e,AT,2,2,370.5359995365143,270000,1e-06,20,0.1,-30.530941,26,-0.7527431,-2.0681088,-0.20099112,-1.5782982,-1.7431586,-1.0122701,-0.050690018,-1.9073486e-06,-2.1970475,-3.5507185,3.0267984e-08,-2.0003326,-3.5492544
53,239,152,555,281,588,171,0,5,40,115.85,203.0,new,e,AT,3,3,370.5359995365143,270000,1e-06,20,0.1,-30.530941,26,-0.7527431,-2.0681088,-0.20099112,-1.5782982,-1.7431586,-1.0122701,-0.050690018,-1.9073486e-06,-2.1970475,-3.5507185,3.0267984e-08,-2.0003326,-3.5492544
54,35,27,64,45,162,16,0,3,7,19.14,20.0,new,e,AT,2,2,384.9888114929199,280000,1e-06,20,0.1,-31.025618,27,-0.69973147,-2.083074,-0.1511597,-1.4651827,-1.688567,-1.0683979,-0.04351478,-1.66893e-06,-2.3230023,-3.6578007,2.9802322e-08,-1.9595772,-3.6966953
55,246,174,561,335,605,199,0,14,46,98.9,143.0,new,e,AT,3,3,384.9888114929199,280000,1e-06,20,0.1,-31.025618,27,-0.69973147,-2.083074,-0.1511597,-1.4651827,-1.688567,-1.0683979,-0.04351478,-1.66893e-06,-2.3230023,-3.6578007,2.9802322e-08,-1.9595772,-3.6966953
56,34,27,62,45,159,14,0,3,5,18.66,18.0,new,e,AT,2,2,399.4757831096649,290000,1e-06,20,0.1,-31.696388,28,-0.7194471,-2.0982676,-0.122555435,-1.3799033,-1.630134,-1.1066644,-0.038176876,-1.66893e-06,-2.4633145,-3.7267506,4.4703484e-08,-1.9032491,-3.831218
57,228,189,531,366,604,169,0,18,17,111.86,210.0,new,e,AT,3,3,399.4757831096649,290000,1e-06,20,0.1,-31.696388,28,-0.7194471,-2.0982676,-0.122555435,-1.3799033,-1.630134,-1.1066644,-0.038176876,-1.66893e-06,-2.4633145,-3.7267506,4.4703484e-08,-1.9032491,-3.831218
58,34,29,62,49,168,13,0,4,5,18.66,20.0,new,e,AT,2,2,413.8646602630615,300000,1e-06,20,0.1,-32.500145,29,-0.72309005,-2.1061018,-0.08617544,-1.2825965,-1.58747,-1.1299536,-0.029834198,-1.9073486e-06,-2.5851698,-3.7486432,2.9802322e-08,-1.8295873,-3.9789867
59,226,148,526,280,583,248,0,19,17,112.85,174.0,new,e,AT,3,3,413.8646602630615,300000,1e-06,20,0.1,-32.500145,29,-0.72309005,-2.1061018,-0.08617544,-1.2825965,-1.58747,-1.1299536,-0.029834198,-1.9073486e-06,-2.5851698,-3.7486432,2.9802322e-08,-1.8295873,-3.9789867
60,35,29,64,49,160,13,0,4,7,18.66,15.0,new,e,AT,2,2,428.18699955940247,310000,1e-06,20,0.1,-33.036613,30,-0.6949409,-2.130782,-0.04566443,-1.1996589,-1.5736514,-1.1354165,-0.021024467,-1.9073486e-06,-2.7475777,-3.8027961,5.9604645e-08,-1.7645729,-4.1072702
61,223,172,520,332,546,252,0,21,16,110.86,154.0,new,e,AT,3,3,428.18699955940247,310000,1e-06,20,0.1,-33.036613,30,-0.6949409,-2.130782,-0.04566443,-1.1996589,-1.5736514,-1.1354165,-0.021024467,-1.9073486e-06,-2.7475777,-3.8027961,5.9604645e-08,-1.7645729,-4.1072702
62,36,29,66,49,194,9,0,5,9,18.66,15.0,new,e,AT,2,2,442.60966658592224,320000,1e-06,20,0.1,-33.26275,31,-0.6518557,-2.1531138,0.008571506,-1.1233492,-1.556469,-1.1640382,-0.0052955635,-1.9073486e-06,-2.9287434,-3.8500364,5.9604645e-08,-1.7159905,-4.2329774
63,303,148,655,274,614,274,0,4,138,116.87,116.0,new,e,AT,3,3,442.60966658592224,320000,1e-06,20,0.1,-33.26275,31,-0.6518557,-2.1531138,0.008571506,-1.1233492,-1.556469,-1.1640382,-0.0052955635,-1.9073486e-06,-2.9287434,-3.8500364,5.9604645e-08,-1.7159905,-4.2329774
64,36,22,64,36,174,9,0,1,9,18.66,11.0,new,e,AT,2,2,456.993554353714,330000,1e-06,20,0.1,-33.84643,32,-0.6143312,-2.1713576,0.041587055,-1.0511043,-1.5409484,-1.1772798,0.0059547685,-1.9073486e-06,-3.0789237,-3.8924682,5.9604645e-08,-1.6501435,-4.3481207
65,303,146,655,271,540,267,0,4,138,113.85,94.0,new,e,AT,3,3,456.993554353714,330000,1e-06,20,0.1,-33.84643,32,-0.6143312,-2.1713576,0.041587055,-1.0511043,-1.5409484,-1.1772798,0.0059547685,-1.9073486e-06,-3.0789237,-3.8924682,5.9604645e-08,-1.6501435,-4.3481207
66,35,22,63,36,160,10,0,1,7,18.67,14.0,new,e,AT,2,2,471.48612236976624,340000,1e-06,20,0.1,-34.488686,33,-0.65981436,-2.1901765,0.05232221,-1.0295396,-1.5022154,-1.1653042,0.024251021,-1.9073486e-06,-3.2183762,-3.8769858,5.9604645e-08,-1.597456,-4.4445057
67,303,150,655,277,581,264,0,4,138,116.85,100.0,new,e,AT,3,3,471.48612236976624,340000,1e-06,20,0.1,-34.488686,33,-0.65981436,-2.1901765,0.05232221,-1.0295396,-1.5022154,-1.1653042,0.024251021,-1.9073486e-06,-3.2183762,-3.8769858,5.9604645e-08,-1.597456,-4.4445057
68,35,22,63,36,160,13,0,1,7,18.66,15.0,new,e,AT,2,2,486.0418474674225,350000,1e-06,20,0.1,-34.898125,34,-0.6493233,-2.2129607,0.08902341,-1.0022385,-1.4679341,-1.1794698,0.045915805,-2.3841858e-06,-3.3862755,-3.9255311,5.9604645e-08,-1.5438669,-4.5411105
69,303,149,655,276,678,262,0,4,138,113.87,122.0,new,e,AT,3,3,486.0418474674225,350000,1e-06,20,0.1,-34.898125,34,-0.6493233,-2.2129607,0.08902341,-1.0022385,-1.4679341,-1.1794698,0.045915805,-2.3841858e-06,-3.3862755,-3.9255311,5.9604645e-08,-1.5438669,-4.5411105
70,34,22,61,36,159,17,0,1,5,18.66,17.0,new,e,AT,2,2,500.6925594806671,360000,1e-06,20,0.1,-35.468685,35,-0.61992526,-2.2114687,0.10783869,-0.93316424,-1.4921079,-1.1716504,0.06777828,-1.9073486e-06,-3.538087,-3.9600315,5.9604645e-08,-1.4680384,-4.6310945
71,303,149,654,276,771,262,0,4,137,112.86,138.0,new,e,AT,3,3,500.6925594806671,360000,1e-06,20,0.1,-35.468685,35,-0.61992526,-2.2114687,0.10783869,-0.93316424,-1.4921079,-1.1716504,0.06777828,-1.9073486e-06,-3.538087,-3.9600315,5.9604645e-08,-1.4680384,-4.6310945
72,35,22,63,36,160,16,0,1,7,18.66,11.0,new,e,AT,2,2,515.4624426364899,370000,1e-06,20,0.1,-35.993412,36,-0.6051841,-2.198973,0.1496802,-0.8782953,-1.4957516,-1.154131,0.08959506,-2.3841858e-06,-3.6697483,-3.9288037,5.9604645e-08,-1.4150413,-4.704422
73,303,148,647,274,535,263,0,4,130,110.87,85.0,new,e,AT,3,3,515.4624426364899,370000,1e-06,20,0.1,-35.993412,36,-0.6051841,-2.198973,0.1496802,-0.8782953,-1.4957516,-1.154131,0.08959506,-2.3841858e-06,-3.6697483,-3.9288037,5.9604645e-08,-1.4150413,-4.704422
74,35,22,62,36,173,16,0,1,6,18.66,17.0,new,e,AT,2,2,530.424946308136,380000,1e-06,20,0.1,-36.158592,37,-0.5928553,-2.2076306,0.1757577,-0.8365114,-1.4816208,-1.1376204,0.116948254,-2.3841858e-06,-3.8649874,-3.9190226,5.9604645e-08,-1.398941,-4.7835402
75,303,148,645,274,738,264,0,4,128,108.88,108.0,new,e,AT,3,3,530.424946308136,380000,1e-06,20,0.1,-36.158592,37,-0.5928553,-2.2076306,0.1757577,-0.8365114,-1.4816208,-1.1376204,0.116948254,-2.3841858e-06,-3.8649874,-3.9190226,5.9604645e-08,-1.398941,-4.7835402
76,35,22,62,36,180,16,0,1,6,18.66,15.0,new,e,AT,2,2,545.3537874221802,390000,1e-06,20,0.1,-36.34026,38,-0.6024136,-2.2169776,0.19475263,-0.81672084,-1.4530332,-1.1272284,0.14614733,-2.3841858e-06,-4.05634,-3.9409575,1.1920929e-07,-1.3714317,-4.856954
77,303,148,639,274,542,264,0,4,122,110.85,86.0,new,e,AT,3,3,545.3537874221802,390000,1e-06,20,0.1,-36.34026,38,-0.6024136,-2.2169776,0.19475263,-0.81672084,-1.4530332,-1.1272284,0.14614733,-2.3841858e-06,-4.05634,-3.9409575,1.1920929e-07,-1.3714317,-4.856954
78,35,22,61,36,176,16,0,1,5,18.66,13.0,new,e,AT,2,2,560.2417027950287,400000,1e-06,20,0.1,-36.590816,39,-0.65595466,-2.2113855,0.21549475,-0.805001,-1.4058615,-1.113749,0.17772172,-2.3841858e-06,-4.2195187,-3.9376261,0.0,-1.3569059,-4.901738
79,255,115,560,213,504,246,0,1,58,99.89,110.0,new,e,AT,3,3,560.2417027950287,400000,1e-06,20,0.1,-36.590816,39,-0.65595466,-2.2113855,0.21549475,-0.805001,-1.4058615,-1.113749,0.17772172,-2.3841858e-06,-4.2195187,-3.9376261,0.0,-1.3569059,-4.901738
80,33,22,58,36,167,16,0,6,5,18.18,14.0,new,e,AT,2,2,575.0731213092804,410000,1e-06,20,0.1,-36.91585,40,-0.6424581,-2.2046428,0.21844578,-0.762519,-1.4133049,-1.1437869,0.20836203,-2.3841858e-06,-4.3973804,-4.0241175,1.1920929e-07,-1.3254882,-4.973175
81,303,146,635,271,697,261,0,4,118,106.87,117.0,new,e,AT,3,3,575.0731213092804,410000,1e-06,20,0.1,-36.91585,40,-0.6424581,-2.2046428,0.21844578,-0.762519,-1.4133049,-1.1437869,0.20836203,-2.3841858e-06,-4.3973804,-4.0241175,1.1920929e-07,-1.3254882,-4.973175
82,33,22,58,36,199,16,0,6,5,18.18,18.0,new,e,AT,2,2,589.8584179878235,420000,1e-06,20,0.1,-37.32867,41,-0.6635851,-2.1876366,0.2036863,-0.72304213,-1.4268289,-1.1677028,0.2366575,-2.3841858e-06,-4.542039,-4.055205,1.1920929e-07,-1.2929164,-5.0140767
83,303,146,635,271,596,261,0,4,118,106.87,122.0,new,e,AT,3,3,589.8584179878235,420000,1e-06,20,0.1,-37.32867,41,-0.6635851,-2.1876366,0.2036863,-0.72304213,-1.4268289,-1.1677028,0.2366575,-2.3841858e-06,-4.542039,-4.055205,1.1920929e-07,-1.2929164,-5.0140767
84,33,22,58,36,184,16,0,6,5,18.18,15.0,new,e,AT,2,2,604.6929569244385,430000,1e-06,20,0.1,-37.54847,42,-0.6835522,-2.1705587,0.19395518,-0.71399605,-1.4048245,-1.1766442,0.26268315,-2.3841858e-06,-4.6728106,-4.052187,1.1920929e-07,-1.2733382,-5.0524917
85,255,127,560,237,615,246,0,1,58,98.89,129.0,new,e,AT,3,3,604.6929569244385,430000,1e-06,20,0.1,-37.54847,42,-0.6835522,-2.1705587,0.19395518,-0.71399605,-1.4048245,-1.1766442,0.26268315,-2.3841858e-06,-4.6728106,-4.052187,1.1920929e-07,-1.2733382,-5.0524917
86,33,25,54,39,201,13,0,1,7,18.18,17.0,new,e,AT,2,2,619.6761102676392,440000,1e-06,20,0.1,-37.929993,43,-0.68848574,-2.1387143,0.16917425,-0.705486,-1.4412595,-1.2012421,0.28893954,-1.9073486e-06,-4.8070908,-4.0829797,0.0,-1.2466252,-5.0769057
87,255,127,560,237,671,248,0,1,58,98.89,139.0,new,e,AT,3,3,619.6761102676392,440000,1e-06,20,0.1,-37.929993,43,-0.68848574,-2.1387143,0.16917425,-0.705486,-1.4412595,-1.2012421,0.28893954,-1.9073486e-06,-4.8070908,-4.0829797,0.0,-1.2466252,-5.0769057
88,33,22,58,36,167,16,0,6,5,18.18,16.0,new,e,AT,2,2,634.6816101074219,450000,1e-06,20,0.1,-38.262547,44,-0.7109561,-2.10364,0.2024833,-0.7124348,-1.4094589,-1.2181848,0.31121865,-2.861023e-06,-4.8771467,-4.04348,0.0,-1.2391057,-5.084853
89,303,148,635,274,590,261,0,4,118,106.87,106.0,new,e,AT,3,3,634.6816101074219,450000,1e-06,20,0.1,-38.262547,44,-0.7109561,-2.10364,0.2024833,-0.7124348,-1.4094589,-1.2181848,0.31121865,-2.861023e-06,-4.8771467,-4.04348,0.0,-1.2391057,-5.084853
90,33,22,54,36,174,16,0,1,5,18.18,17.0,new,e,AT,2,2,649.6752269268036,460000,1e-06,20,0.1,-38.46782,45,-0.77262086,-2.080781,0.1864242,-0.7030939,-1.3791206,-1.2031469,0.3354109,-2.861023e-06,-4.993834,-4.066633,0.0,-1.1931101,-5.1111073
91,239,135,527,254,572,251,0,1,26,102.87,147.0,new,e,AT,3,3,649.6752269268036,460000,1e-06,20,0.1,-38.46782,45,-0.77262086,-2.080781,0.1864242,-0.7030939,-1.3791206,-1.2031469,0.3354109,-2.861023e-06,-4.993834,-4.066633,0.0,-1.1931101,-5.1111073
92,36,27,64,45,160,19,0,2,7,18.66,14.0,new,e,AT,2,2,664.7230670452118,470000,1e-06,20,0.1,-38.342003,46,-0.7847832,-2.0444858,0.21978116,-0.681561,-1.3608578,-1.2043154,0.36428204,-2.861023e-06,-5.111654,-4.0682425,1.1920929e-07,-1.1690335,-5.135808
93,239,135,527,254,530,249,0,1,26,105.88,134.0,new,e,AT,3,3,664.7230670452118,470000,1e-06,20,0.1,-38.342003,46,-0.7847832,-2.0444858,0.21978116,-0.681561,-1.3608578,-1.2043154,0.36428204,-2.861023e-06,-5.111654,-4.0682425,1.1920929e-07,-1.1690335,-5.135808
94,36,27,64,45,160,19,0,2,7,18.66,15.0,new,e,AT,2,2,679.7777936458588,480000,1e-06,20,0.1,-38.45272,47,-0.79441136,-2.0121653,0.2332046,-0.64943105,-1.3353889,-1.1929362,0.39162588,-2.861023e-06,-5.2150197,-4.104413,1.1920929e-07,-1.1478224,-5.1753273
95,239,135,527,254,678,243,0,1,26,100.88,169.0,new,e,AT,3,3,679.7777936458588,480000,1e-06,20,0.1,-38.45272,47,-0.79441136,-2.0121653,0.2332046,-0.64943105,-1.3353889,-1.1929362,0.39162588,-2.861023e-06,-5.2150197,-4.104413,1.1920929e-07,-1.1478224,-5.1753273
96,36,27,64,45,167,19,0,2,7,18.66,14.0,new,e,AT,2,2,694.8400797843933,490000,1e-06,20,0.1,-38.799107,48,-0.86411977,-1.9670889,0.21555585,-0.6479726,-1.3206818,-1.1447499,0.41619313,-2.3841858e-06,-5.28402,-4.114392,1.1920929e-07,-1.1130164,-5.169583
97,236,134,519,252,557,249,0,1,21,105.86,170.0,new,e,AT,3,3,694.8400797843933,490000,1e-06,20,0.1,-38.799107,48,-0.86411977,-1.9670889,0.21555585,-0.6479726,-1.3206818,-1.1447499,0.41619313,-2.3841858e-06,-5.28402,-4.114392,1.1920929e-07,-1.1130164,-5.169583
98,36,27,64,45,159,19,0,2,7,18.66,13.0,new,e,AT,2,2,710.2170479297638,500000,1e-06,20,0.1,-38.689594,49,-0.8250763,-1.9343169,0.22962326,-0.59505653,-1.2869204,-1.1640129,0.44838715,-2.861023e-06,-5.4153905,-4.194961,0.0,-1.0924842,-5.255267
99,239,136,527,256,706,243,0,1,26,100.9,187.0,new,e,AT,3,3,710.2170479297638,500000,1e-06,20,0.1,-38.689594,49,-0.8250763,-1.9343169,0.22962326,-0.59505653,-1.2869204,-1.1640129,0.44838715,-2.861023e-06,-5.4153905,-4.194961,0.0,-1.0924842,-5.255267
100,33,22,54,36,169,16,0,1,5,18.18,14.0,new,e,AT,2,2,725.4255411624908,510000,1e-06,20,0.1,-38.76437,50,-0.83518386,-1.881638,0.20909494,-0.56487536,-1.2822907,-1.1300019,0.4762553,-2.3841858e-06,-5.506417,-4.2343984,0.0,-1.0743237,-5.2858424
101,237,112,522,208,544,248,0,1,22,108.87,146.0,new,e,AT,3,3,725.4255411624908,510000,1e-06,20,0.1,-38.76437,50,-0.83518386,-1.881638,0.20909494,-0.56487536,-1.2822907,-1.1300019,0.4762553,-2.3841858e-06,-5.506417,-4.2343984,0.0,-1.0743237,-5.2858424
102,36,27,64,45,157,19,0,2,7,18.66,20.0,new,e,AT,2,2,740.7583827972412,520000,1e-06,20,0.1,-38.908123,51,-0.86675113,-1.8193628,0.2187674,-0.56210995,-1.2674166,-1.0947052,0.49901414,-2.861023e-06,-5.518092,-4.209473,0.0,-1.0372351,-5.2869754
103,239,136,527,256,507,243,0,1,26,101.89,149.0,new,e,AT,3,3,740.7583827972412,520000,1e-06,20,0.1,-38.908123,51,-0.86675113,-1.8193628,0.2187674,-0.56210995,-1.2674166,-1.0947052,0.49901414,-2.861023e-06,-5.518092,-4.209473,0.0,-1.0372351,-5.2869754
104,36,27,64,45,157,19,0,2,7,18.66,13.0,new,e,AT,2,2,756.0768675804138,530000,1e-06,20,0.1,-38.81779,52,-0.8506214,-1.7665209,0.21609712,-0.5463487,-1.2524624,-1.0452802,0.5304239,-2.861023e-06,-5.6209936,-4.253337,1.1920929e-07,-0.9763824,-5.3425493
105,241,115,532,213,583,246,0,1,28,103.89,162.0,new,e,AT,3,3,756.0768675804138,530000,1e-06,20,0.1,-38.81779,52,-0.8506214,-1.7665209,0.21609712,-0.5463487,-1.2524624,-1.0452802,0.5304239,-2.861023e-06,-5.6209936,-4.253337,1.1920929e-07,-0.9763824,-5.3425493
106,36,27,64,45,170,19,0,2,7,18.66,10.0,new,e,AT,2,2,771.405802488327,540000,1e-06,20,0.1,-39.05074,53,-0.8827095,-1.7217284,0.2266419,-0.53063416,-1.2163358,-1.0282409,0.5537846,-2.3841858e-06,-5.6482596,-4.259062,1.1920929e-07,-0.9973961,-5.343016
107,239,136,527,256,537,243,0,1,26,102.89,147.0,new,e,AT,3,3,771.405802488327,540000,1e-06,20,0.1,-39.05074,53,-0.8827095,-1.7217284,0.2266419,-0.53063416,-1.2163358,-1.0282409,0.5537846,-2.3841858e-06,-5.6482596,-4.259062,1.1920929e-07,-0.9973961,-5.343016
108,36,22,60,36,158,13,0,1,7,18.66,8.0,new,e,AT,2,2,786.6673953533173,550000,1e-06,20,0.1,-39.192814,54,-0.8893602,-1.6649016,0.25473326,-0.52987564,-1.1814206,-0.9908469,0.582652,-3.33786e-06,-5.700853,-4.2909136,1.1920929e-07,-0.9888412,-5.3702826
109,231,112,519,208,605,265,0,1,16,111.86,176.0,new,e,AT,3,3,786.6673953533173,550000,1e-06,20,0.1,-39.192814,54,-0.8893602,-1.6649016,0.25473326,-0.52987564,-1.1814206,-0.9908469,0.582652,-3.33786e-06,-5.700853,-4.2909136,1.1920929e-07,-0.9888412,-5.3702826
110,36,22,60,36,191,13,0,1,7,18.66,21.0,new,e,AT,2,2,802.1088600158691,560000,1e-06,20,0.1,-39.152176,55,-0.8620613,-1.6208907,0.2737199,-0.46447185,-1.1903735,-0.94348854,0.6128911,-2.861023e-06,-5.749838,-4.3147016,1.1920929e-07,-0.9871289,-5.4020853
111,263,153,566,296,597,213,0,13,64,93.89,113.0,new,e,AT,3,3,802.1088600158691,560000,1e-06,20,0.1,-39.152176,55,-0.8620613,-1.6208907,0.2737199,-0.46447185,-1.1903735,-0.94348854,0.6128911,-2.861023e-06,-5.749838,-4.3147016,1.1920929e-07,-0.9871289,-5.4020853
112,36,22,60,36,160,9,0,1,7,18.18,12.0,new,e,AT,2,2,817.4631457328796,570000,1e-06,20,0.1,-39.329254,56,-0.92243314,-1.5590457,0.3109119,-0.43516782,-1.1531135,-0.89443225,0.63545775,-2.3841858e-06,-5.7324367,-4.274658,1.1920929e-07,-0.97236484,-5.37349
113,276,150,595,288,562,185,0,15,90,83.89,98.0,new,e,AT,3,3,817.4631457328796,570000,1e-06,20,0.1,-39.329254,56,-0.92243314,-1.5590457,0.3109119,-0.43516782,-1.1531135,-0.89443225,0.63545775,-2.3841858e-06,-5.7324367,-4.274658,1.1920929e-07,-0.97236484,-5.37349
114,35,22,58,36,159,16,0,5,5,18.66,14.0,new,e,AT,2,2,832.9051642417908,580000,1e-06,20,0.1,-39.36908,57,-0.88083005,-1.4775068,0.26067147,-0.4203985,-1.1302304,-0.90337425,0.66982245,-2.3841858e-06,-5.778709,-4.281967,0.0,-0.9432786,-5.441326
115,257,127,546,243,560,208,0,1,64,89.89,103.0,new,e,AT,3,3,832.9051642417908,580000,1e-06,20,0.1,-39.36908,57,-0.88083005,-1.4775068,0.26067147,-0.4203985,-1.1302304,-0.90337425,0.66982245,-2.3841858e-06,-5.778709,-4.281967,0.0,-0.9432786,-5.441326
116,36,27,64,45,159,19,0,2,7,18.66,18.0,new,e,AT,2,2,848.2763109207153,590000,1e-06,20,0.1,-39.561707,58,-0.91972494,-1.4250726,0.28187358,-0.38938594,-1.1322898,-0.9071587,0.69582593,-3.33786e-06,-5.7928267,-4.320281,0.0,-0.92535937,-5.441395
117,276,150,594,288,644,184,0,14,90,83.91,129.0,new,e,AT,3,3,848.2763109207153,590000,1e-06,20,0.1,-39.561707,58,-0.91972494,-1.4250726,0.28187358,-0.38938594,-1.1322898,-0.9071587,0.69582593,-3.33786e-06,-5.7928267,-4.320281,0.0,-0.92535937,-5.441395
118,36,22,60,36,158,13,0,1,7,18.66,15.0,new,e,AT,2,2,863.7290768623352,600000,1e-06,20,0.1,-39.507626,59,-1.0029627,-1.3495271,0.29580757,-0.39605826,-1.0601485,-0.8958796,0.7234178,-2.861023e-06,-5.784843,-4.2322216,0.0,-0.94537324,-5.3816266
119,276,150,594,288,555,185,0,16,88,83.89,104.0,new,e,AT,3,3,863.7290768623352,600000,1e-06,20,0.1,-39.507626,59,-1.0029627,-1.3495271,0.29580757,-0.39605826,-1.0601485,-0.8958796,0.7234178,-2.861023e-06,-5.784843,-4.2322216,0.0,-0.94537324,-5.3816266
120,36,22,60,36,178,13,0,1,7,18.66,12.0,new,e,AT,2,2,879.314749956131,610000,1e-06,20,0.1,-39.558956,60,-1.0028687,-1.3073977,0.28935373,-0.35999402,-1.0251923,-0.9169466,0.76554745,-2.861023e-06,-5.910034,-4.3326,1.1920929e-07,-0.9451599,-5.4382696
121,276,150,593,288,484,186,0,15,88,84.9,99.0,new,e,AT,3,3,879.314749956131,610000,1e-06,20,0.1,-39.558956,60,-1.0028687,-1.3073977,0.28935373,-0.35999402,-1.0251923,-0.9169466,0.76554745,-2.861023e-06,-5.910034,-4.3326,1.1920929e-07,-0.9451599,-5.4382696
122,36,22,60,36,159,9,0,1,7,18.18,11.0,new,e,AT,2,2,894.9783327579498,620000,1e-06,20,0.1,-39.80718,61,-1.0532216,-1.2385792,0.279907,-0.3172775,-1.0228177,-0.87776244,0.7869303,-2.861023e-06,-5.8894906,-4.320053,1.1920929e-07,-0.91710097,-5.4133425
123,275,149,586,282,473,184,0,10,88,85.9,95.0,new,e,AT,3,3,894.9783327579498,620000,1e-06,20,0.1,-39.80718,61,-1.0532216,-1.2385792,0.279907,-0.3172775,-1.0228177,-0.87776244,0.7869303,-2.861023e-06,-5.8894906,-4.320053,1.1920929e-07,-0.91710097,-5.4133425
124,36,27,64,45,170,19,0,2,7,18.66,17.0,new,e,AT,2,2,910.7041327953339,630000,1e-06,20,0.1,-39.68349,62,-1.0317427,-1.1889752,0.27189478,-0.28605133,-0.97728986,-0.89203703,0.82423127,-3.33786e-06,-5.9796424,-4.3332067,1.1920929e-07,-0.91162,-5.459315
125,275,149,586,282,589,184,0,10,88,85.89,128.0,new,e,AT,3,3,910.7041327953339,630000,1e-06,20,0.1,-39.68349,62,-1.0317427,-1.1889752,0.27189478,-0.28605133,-0.97728986,-0.89203703,0.82423127,-3.33786e-06,-5.9796424,-4.3332067,1.1920929e-07,-0.91162,-5.459315
126,36,25,63,39,156,7,0,1,7,18.18,12.0,new,e,AT,2,2,926.5487434864044,640000,1e-06,20,0.1,-39.912064,63,-1.0895728,-1.1356586,0.29821023,-0.28770265,-0.96042526,-0.88219124,0.84537673,-3.33786e-06,-5.939815,-4.2841578,1.1920929e-07,-0.93129575,-5.403325
127,273,142,574,260,561,177,0,9,86,86.9,121.0,new,e,AT,3,3,926.5487434864044,640000,1e-06,20,0.1,-39.912064,63,-1.0895728,-1.1356586,0.29821023,-0.28770265,-0.96042526,-0.88219124,0.84537673,-3.33786e-06,-5.939815,-4.2841578,1.1920929e-07,-0.93129575,-5.403325
128,36,27,64,45,157,17,0,2,7,18.66,12.0,new,e,AT,2,2,942.4327392578125,650000,1e-06,20,0.1,-39.9762,64,-1.0999889,-1.076892,0.26975423,-0.2668849,-0.90563136,-0.9064207,0.87812227,-2.861023e-06,-5.999652,-4.3179903,1.1920929e-07,-0.8915108,-5.4444346
129,273,142,574,260,610,177,0,9,86,84.91,126.0,new,e,AT,3,3,942.4327392578125,650000,1e-06,20,0.1,-39.9762,64,-1.0999889,-1.076892,0.26975423,-0.2668849,-0.90563136,-0.9064207,0.87812227,-2.861023e-06,-5.999652,-4.3179903,1.1920929e-07,-0.8915108,-5.4444346
130,36,25,63,39,157,7,0,1,7,18.18,16.0,new,e,AT,2,2,958.3541464805603,660000,1e-06,20,0.1,-40.061954,65,-1.1462464,-1.0098909,0.26102692,-0.24271232,-0.87902445,-0.8663753,0.9000203,-2.861023e-06,-5.9733095,-4.2848086,1.1920929e-07,-0.85097665,-5.4156737
131,273,142,569,260,492,177,0,9,81,86.91,97.0,new,e,AT,3,3,958.3541464805603,660000,1e-06,20,0.1,-40.061954,65,-1.1462464,-1.0098909,0.26102692,-0.24271232,-0.87902445,-0.8663753,0.9000203,-2.861023e-06,-5.9733095,-4.2848086,1.1920929e-07,-0.85097665,-5.4156737
132,36,25,63,39,169,7,0,1,7,18.18,13.0,new,e,AT,2,2,974.323460817337,670000,1e-06,20,0.1,-40.167755,66,-1.1729933,-0.954562,0.2775737,-0.21688388,-0.8791119,-0.8530501,0.9222723,-2.861023e-06,-5.9316173,-4.2318306,1.1920929e-07,-0.8567314,-5.3804154
133,273,142,573,260,478,177,0,9,85,85.9,120.0,new,e,AT,3,3,974.323460817337,670000,1e-06,20,0.1,-40.167755,66,-1.1729933,-0.954562,0.2775737,-0.21688388,-0.8791119,-0.8530501,0.9222723,-2.861023e-06,-5.9316173,-4.2318306,1.1920929e-07,-0.8567314,-5.3804154
134,36,25,63,39,212,7,0,1,7,18.18,20.0,new,e,AT,2,2,990.3353378772736,680000,1e-06,20,0.1,-40.34338,67,-1.2051477,-0.9055589,0.28961772,-0.18331319,-0.8413492,-0.89786875,0.9542562,-2.861023e-06,-5.973228,-4.2821107,1.1920929e-07,-0.8663476,-5.396779
135,273,143,564,265,684,176,0,13,77,85.9,135.0,new,e,AT,3,3,990.3353378772736,680000,1e-06,20,0.1,-40.34338,67,-1.2051477,-0.9055589,0.28961772,-0.18331319,-0.8413492,-0.89786875,0.9542562,-2.861023e-06,-5.973228,-4.2821107,1.1920929e-07,-0.8663476,-5.396779
136,35,22,58,36,157,16,0,5,5,18.66,16.0,new,e,AT,2,2,1006.3988175392151,690000,1e-06,20,0.1,-40.46433,68,-1.1876312,-0.8435656,0.2210609,-0.20671749,-0.79790545,-0.8765824,0.98443985,-3.33786e-06,-6.007484,-4.3033066,1.1920929e-07,-0.84057397,-5.4302435
137,277,179,563,339,501,184,0,17,68,88.9,116.0,new,e,AT,3,3,1006.3988175392151,690000,1e-06,20,0.1,-40.46433,68,-1.1876312,-0.8435656,0.2210609,-0.20671749,-0.79790545,-0.8765824,0.98443985,-3.33786e-06,-6.007484,-4.3033066,1.1920929e-07,-0.84057397,-5.4302435
138,36,25,62,39,168,11,0,1,6,18.66,16.0,new,e,AT,2,2,1022.62628698349,700000,1e-06,20,0.1,-40.571712,69,-1.2184899,-0.8029432,0.24945913,-0.15197296,-0.81277347,-0.90939814,1.0063027,-2.861023e-06,-6.000633,-4.3094697,0.0,-0.8338427,-5.4223323
139,299,141,599,251,552,154,0,8,103,84.91,133.0,new,e,AT,3,3,1022.62628698349,700000,1e-06,20,0.1,-40.571712,69,-1.2184899,-0.8029432,0.24945913,-0.15197296,-0.81277347,-0.90939814,1.0063027,-2.861023e-06,-6.000633,-4.3094697,0.0,-0.8338427,-5.4223323
140,36,27,63,45,170,19,0,2,6,18.66,16.0,new,e,AT,2,2,1038.949982881546,710000,1e-06,20,0.1,-40.78899,70,-1.2410611,-0.7647525,0.23206791,-0.12528718,-0.79760194,-0.94406325,1.0221635,-3.33786e-06,-5.9722247,-4.3063493,0.0,-0.85520476,-5.41591
141,299,148,593,271,482,148,0,13,100,81.91,113.0,new,e,AT,3,3,1038.949982881546,710000,1e-06,20,0.1,-40.78899,70,-1.2410611,-0.7647525,0.23206791,-0.12528718,-0.79760194,-0.94406325,1.0221635,-3.33786e-06,-5.9722247,-4.3063493,0.0,-0.85520476,-5.41591
142,36,25,62,39,196,7,0,1,6,18.18,11.0,new,e,AT,2,2,1055.29124045372,720000,1e-06,20,0.1,-41.006798,71,-1.300123,-0.7416778,0.2655355,-0.12020782,-0.75762415,-0.9453187,1.037053,-3.33786e-06,-5.9403996,-4.2647557,0.0,-0.8794103,-5.358666
143,298,138,597,240,644,151,0,4,105,85.9,140.0,new,e,AT,3,3,1055.29124045372,720000,1e-06,20,0.1,-41.006798,71,-1.300123,-0.7416778,0.2655355,-0.12020782,-0.75762415,-0.9453187,1.037053,-3.33786e-06,-5.9403996,-4.2647557,0.0,-0.8794103,-5.358666
144,36,25,62,39,189,11,0,1,6,18.66,13.0,new,e,AT,2,2,1071.6194188594818,730000,1e-06,20,0.1,-41.159206,72,-1.3049407,-0.69780034,0.24185573,-0.104422495,-0.7302945,-0.95339334,1.0604588,-2.3841858e-06,-5.9572973,-4.291457,0.0,-0.8515393,-5.3815207
145,298,141,590,249,640,150,0,8,99,82.91,159.0,new,e,AT,3,3,1071.6194188594818,730000,1e-06,20,0.1,-41.159206,72,-1.3049407,-0.69780034,0.24185573,-0.104422495,-0.7302945,-0.95339334,1.0604588,-2.3841858e-06,-5.9572973,-4.291457,0.0,-0.8515393,-5.3815207
146,36,25,62,39,159,7,0,1,6,18.18,11.0,new,e,AT,2,2,1087.7366058826447,740000,1e-06,20,0.1,-41.368534,73,-1.3363059,-0.651062,0.25010198,-0.09655411,-0.7027532,-0.9805192,1.0770832,-2.861023e-06,-5.973135,-4.3338237,1.1920929e-07,-0.859998,-5.3819695
147,298,141,590,249,525,150,0,8,99,85.89,100.0,new,e,AT,3,3,1087.7366058826447,740000,1e-06,20,0.1,-41.368534,73,-1.3363059,-0.651062,0.25010198,-0.09655411,-0.7027532,-0.9805192,1.0770832,-2.861023e-06,-5.973135,-4.3338237,1.1920929e-07,-0.859998,-5.3819695
148,36,25,62,39,204,7,0,1,6,18.18,16.0,new,e,AT,2,2,1103.9483551979065,750000,1e-06,20,0.1,-41.515167,74,-1.3623376,-0.57783407,0.23315862,-0.07074165,-0.6776493,-0.98971695,1.0862321,-2.861023e-06,-5.94576,-4.3187633,0.0,-0.83896685,-5.3756576
149,298,141,590,249,502,150,0,8,99,85.89,88.0,new,e,AT,3,3,1103.9483551979065,750000,1e-06,20,0.1,-41.515167,74,-1.3623376,-0.57783407,0.23315862,-0.07074165,-0.6776493,-0.98971695,1.0862321,-2.861023e-06,-5.94576,-4.3187633,0.0,-0.83896685,-5.3756576
150,36,27,63,45,169,17,0,3,6,18.66,11.0,new,e,AT,2,2,1120.2244346141815,760000,1e-06,20,0.1,-41.44784,75,-1.395182,-0.5325978,0.23096251,-0.047880635,-0.6230319,-1.0044332,1.100785,-2.861023e-06,-5.9435544,-4.298324,1.1920929e-07,-0.8231169,-5.360424
151,298,143,587,254,509,150,0,10,96,87.89,106.0,new,e,AT,3,3,1120.2244346141815,760000,1e-06,20,0.1,-41.44784,75,-1.395182,-0.5325978,0.23096251,-0.047880635,-0.6230319,-1.0044332,1.100785,-2.861023e-06,-5.9435544,-4.298324,1.1920929e-07,-0.8231169,-5.360424
152,36,25,61,39,158,7,0,1,8,18.18,13.0,new,e,AT,2,2,1136.4413874149323,770000,1e-06,20,0.1,-41.545475,76,-1.4031111,-0.50912327,0.22245881,-0.0195145,-0.6690928,-1.0307178,1.098717,-2.3841858e-06,-5.814961,-4.157509,0.0,-0.8650243,-5.2973146
153,298,150,591,272,513,145,0,10,103,86.88,129.0,new,e,AT,3,3,1136.4413874149323,770000,1e-06,20,0.1,-41.545475,76,-1.4031111,-0.50912327,0.22245881,-0.0195145,-0.6690928,-1.0307178,1.098717,-2.3841858e-06,-5.814961,-4.157509,0.0,-0.8650243,-5.2973146
154,36,25,60,39,158,8,0,1,8,18.18,14.0,new,e,AT,2,2,1152.893991947174,780000,1e-06,20,0.1,-41.54942,77,-1.4262307,-0.5024036,0.22305907,-0.0058768485,-0.6279215,-1.0055083,1.1111637,-2.861023e-06,-5.7635093,-4.089998,1.1920929e-07,-0.8712519,-5.2513585
155,298,152,591,276,531,145,0,10,103,88.88,143.0,new,e,AT,3,3,1152.893991947174,780000,1e-06,20,0.1,-41.54942,77,-1.4262307,-0.5024036,0.22305907,-0.0058768485,-0.6279215,-1.0055083,1.1111637,-2.861023e-06,-5.7635093,-4.089998,1.1920929e-07,-0.8712519,-5.2513585
156,36,25,61,39,166,7,0,1,8,18.18,16.0,new,e,AT,2,2,1169.125670671463,790000,1e-06,20,0.1,-41.550423,78,-1.4557105,-0.49347037,0.23908797,-0.006990548,-0.6390787,-1.0182751,1.1337417,-2.861023e-06,-5.743406,-4.0615373,1.1920929e-07,-0.8986038,-5.2062798
157,298,150,591,272,671,145,0,10,103,87.89,173.0,new,e,AT,3,3,1169.125670671463,790000,1e-06,20,0.1,-41.550423,78,-1.4557105,-0.49347037,0.23908797,-0.006990548,-0.6390787,-1.0182751,1.1337417,-2.861023e-06,-5.743406,-4.0615373,1.1920929e-07,-0.8986038,-5.2062798
158,36,25,60,39,159,8,0,1,8,18.18,16.0,new,e,AT,2,2,1184.6258671283722,800000,1e-06,20,0.1,-41.550846,79,-1.5114676,-0.48654875,0.22675031,0.011989169,-0.607036,-1.0181111,1.1436925,-2.861023e-06,-5.6610475,-3.970753,1.1920929e-07,-0.91550326,-5.1159744
159,298,151,587,274,510,143,0,16,99,85.89,127.0,new,e,AT,3,3,1184.6258671283722,800000,1e-06,20,0.1,-41.550846,79,-1.5114676,-0.48654875,0.22675031,0.011989169,-0.607036,-1.0181111,1.1436925,-2.861023e-06,-5.6610475,-3.970753,1.1920929e-07,-0.91550326,-5.1159744
