testcase,controllerType,heuristic,expandedStates,usedStates,expandedTransitions,usedTransitions,synthesisTimeMs,findGoals,findErrors,propGoals,propErrors,memUsed,compositionTimeMs,isControllable,comments,totalTimeMs,method,totalStates,totalTransitions,states_used/total,states_expanded/total,transitions_used/total,transitions_expanded/total,findGoalsRatio,findErrorsRatio,propagateGoalsRatio,propagateErrorsRatio,n,k,memUsedMB
TA-1-1,compos,BFS,19.0,15.0,33.0,18.0,16.0,2.0,0.0,1.0,13.0,15.45MB,25.0,True,,41.0,BFS,18.0,33.0,0.83,1.06,0.55,1.0,6.0606,0.0,3.0303,39.3939,1,1,15.45
TA-1-1,compos,MA,17.0,15.0,20.0,18.0,39.0,4.0,0.0,1.0,0.0,18.96MB,24.0,True,,63.0,MA,18.0,33.0,0.83,0.94,0.55,0.61,12.1212,0.0,3.0303,0.0,1,1,18.96
TA-1-1,compos,RA,17.0,15.0,20.0,18.0,30.0,4.0,0.0,1.0,0.0,16.96MB,24.0,True,,54.0,RA,18.0,33.0,0.83,0.94,0.55,0.61,12.1212,0.0,3.0303,0.0,1,1,16.96
TA-1-1,mono,,18.0,15.0,33.0,18.0,4.0,0.0,0.0,0.0,0.0,7.67MB,73.0,True,,77.0,Monolithic,18.0,33.0,0.83,1.0,0.55,1.0,0.0,0.0,0.0,0.0,1,1,7.67
TA-1-10,compos,MA,35.0,33.0,47.0,45.0,84.0,13.0,0.0,1.0,0.0,14.00MB,27.0,True,,111.0,MA,36.0,60.0,0.92,0.97,0.75,0.78,21.6667,0.0,1.6667,0.0,1,10,14.0
TA-1-10,compos,RA,35.0,33.0,47.0,45.0,46.0,13.0,0.0,1.0,0.0,19.44MB,35.0,True,,81.0,RA,36.0,60.0,0.92,0.97,0.75,0.78,21.6667,0.0,1.6667,0.0,1,10,19.44
TA-1-10,compos,BFS,37.0,33.0,60.0,45.0,21.0,9.0,0.0,1.0,13.0,16.96MB,38.0,True,,59.0,BFS,36.0,60.0,0.92,1.03,0.75,1.0,15.0,0.0,1.6667,21.6667,1,10,16.96
TA-1-10,mono,,36.0,33.0,60.0,45.0,4.0,0.0,0.0,0.0,0.0,8.45MB,62.0,True,,66.0,Monolithic,36.0,60.0,0.92,1.0,0.75,1.0,0.0,0.0,0.0,0.0,1,10,8.45
TA-1-11,compos,BFS,39.0,35.0,63.0,48.0,20.0,10.0,0.0,1.0,13.0,16.48MB,27.0,True,,47.0,BFS,38.0,63.0,0.92,1.03,0.76,1.0,15.873,0.0,1.5873,20.6349,1,11,16.48
TA-1-11,compos,MA,37.0,35.0,50.0,48.0,85.0,14.0,0.0,1.0,0.0,14.00MB,35.0,True,,120.0,MA,38.0,63.0,0.92,0.97,0.76,0.79,22.2222,0.0,1.5873,0.0,1,11,14.0
TA-1-11,compos,RA,37.0,35.0,50.0,48.0,53.0,14.0,0.0,1.0,0.0,19.92MB,26.0,True,,79.0,RA,38.0,63.0,0.92,0.97,0.76,0.79,22.2222,0.0,1.5873,0.0,1,11,19.92
TA-1-11,mono,,38.0,35.0,63.0,48.0,4.0,0.0,0.0,0.0,0.0,8.15MB,55.0,True,,59.0,Monolithic,38.0,63.0,0.92,1.0,0.76,1.0,0.0,0.0,0.0,0.0,1,11,8.15
TA-1-12,compos,BFS,41.0,37.0,66.0,51.0,23.0,7.0,0.0,1.0,13.0,16.96MB,26.0,True,,49.0,BFS,40.0,66.0,0.92,1.02,0.77,1.0,10.6061,0.0,1.5152,19.697,1,12,16.96
TA-1-12,compos,RA,39.0,37.0,53.0,51.0,55.0,15.0,0.0,1.0,0.0,19.92MB,26.0,True,,81.0,RA,40.0,66.0,0.92,0.98,0.77,0.8,22.7273,0.0,1.5152,0.0,1,12,19.92
TA-1-12,compos,MA,39.0,37.0,53.0,51.0,100.0,15.0,0.0,1.0,0.0,14.00MB,26.0,True,,126.0,MA,40.0,66.0,0.92,0.98,0.77,0.8,22.7273,0.0,1.5152,0.0,1,12,14.0
TA-1-12,mono,,40.0,37.0,66.0,51.0,3.0,0.0,0.0,0.0,0.0,7.67MB,58.0,True,,61.0,Monolithic,40.0,66.0,0.92,1.0,0.77,1.0,0.0,0.0,0.0,0.0,1,12,7.67
TA-1-13,compos,BFS,43.0,39.0,69.0,54.0,29.0,8.0,0.0,1.0,13.0,16.48MB,38.0,True,,67.0,BFS,42.0,69.0,0.93,1.02,0.78,1.0,11.5942,0.0,1.4493,18.8406,1,13,16.48
TA-1-13,compos,RA,41.0,39.0,56.0,54.0,57.0,16.0,0.0,1.0,0.0,19.92MB,27.0,True,,84.0,RA,42.0,69.0,0.93,0.98,0.78,0.81,23.1884,0.0,1.4493,0.0,1,13,19.92
TA-1-13,compos,MA,41.0,39.0,56.0,54.0,106.0,16.0,0.0,1.0,0.0,14.00MB,26.0,True,,132.0,MA,42.0,69.0,0.93,0.98,0.78,0.81,23.1884,0.0,1.4493,0.0,1,13,14.0
TA-1-13,mono,,42.0,39.0,69.0,54.0,4.0,0.0,0.0,0.0,0.0,7.85MB,56.0,True,,60.0,Monolithic,42.0,69.0,0.93,1.0,0.78,1.0,0.0,0.0,0.0,0.0,1,13,7.85
TA-1-14,compos,MA,43.0,41.0,59.0,57.0,101.0,17.0,0.0,1.0,0.0,14.14MB,27.0,True,,128.0,MA,44.0,72.0,0.93,0.98,0.79,0.82,23.6111,0.0,1.3889,0.0,1,14,14.14
TA-1-14,compos,BFS,45.0,41.0,72.0,57.0,21.0,8.0,0.0,1.0,13.0,16.48MB,27.0,True,,48.0,BFS,44.0,72.0,0.93,1.02,0.79,1.0,11.1111,0.0,1.3889,18.0556,1,14,16.48
TA-1-14,compos,RA,43.0,41.0,59.0,57.0,61.0,17.0,0.0,1.0,0.0,20.48MB,27.0,True,,88.0,RA,44.0,72.0,0.93,0.98,0.79,0.82,23.6111,0.0,1.3889,0.0,1,14,20.48
TA-1-14,mono,,44.0,41.0,72.0,57.0,7.0,0.0,0.0,0.0,0.0,8.58MB,62.0,True,,69.0,Monolithic,44.0,72.0,0.93,1.0,0.79,1.0,0.0,0.0,0.0,0.0,1,14,8.58
TA-1-15,compos,MA,45.0,43.0,62.0,60.0,97.0,18.0,0.0,1.0,0.0,14.34MB,27.0,True,,124.0,MA,46.0,75.0,0.93,0.98,0.8,0.83,24.0,0.0,1.3333,0.0,1,15,14.34
TA-1-15,compos,BFS,47.0,43.0,75.0,60.0,28.0,7.0,0.0,1.0,13.0,16.48MB,35.0,True,,63.0,BFS,46.0,75.0,0.93,1.02,0.8,1.0,9.3333,0.0,1.3333,17.3333,1,15,16.48
TA-1-15,compos,RA,45.0,43.0,62.0,60.0,76.0,18.0,0.0,1.0,0.0,21.44MB,37.0,True,,113.0,RA,46.0,75.0,0.93,0.98,0.8,0.83,24.0,0.0,1.3333,0.0,1,15,21.44
TA-1-15,mono,,46.0,43.0,75.0,60.0,4.0,0.0,0.0,0.0,0.0,7.98MB,57.0,True,,61.0,Monolithic,46.0,75.0,0.93,1.0,0.8,1.0,0.0,0.0,0.0,0.0,1,15,7.98
TA-1-2,compos,MA,19.0,17.0,23.0,21.0,66.0,5.0,0.0,1.0,0.0,19.92MB,33.0,True,,99.0,MA,20.0,36.0,0.85,0.95,0.58,0.64,13.8889,0.0,2.7778,0.0,1,2,19.92
TA-1-2,compos,RA,19.0,17.0,23.0,21.0,33.0,5.0,0.0,1.0,0.0,16.96MB,24.0,True,,57.0,RA,20.0,36.0,0.85,0.95,0.58,0.64,13.8889,0.0,2.7778,0.0,1,2,16.96
TA-1-2,compos,BFS,21.0,17.0,36.0,21.0,22.0,5.0,0.0,1.0,13.0,16.48MB,33.0,True,,55.0,BFS,20.0,36.0,0.85,1.05,0.58,1.0,13.8889,0.0,2.7778,36.1111,1,2,16.48
TA-1-2,mono,,20.0,17.0,36.0,21.0,4.0,0.0,0.0,0.0,0.0,8.15MB,54.0,True,,58.0,Monolithic,20.0,36.0,0.85,1.0,0.58,1.0,0.0,0.0,0.0,0.0,1,2,8.15
TA-1-3,compos,MA,21.0,19.0,26.0,24.0,63.0,6.0,0.0,1.0,0.0,20.96MB,33.0,True,,96.0,MA,22.0,39.0,0.86,0.95,0.62,0.67,15.3846,0.0,2.5641,0.0,1,3,20.96
TA-1-3,compos,BFS,23.0,19.0,39.0,24.0,17.0,6.0,0.0,1.0,13.0,15.92MB,25.0,True,,42.0,BFS,22.0,39.0,0.86,1.05,0.62,1.0,15.3846,0.0,2.5641,33.3333,1,3,15.92
TA-1-3,compos,RA,21.0,19.0,26.0,24.0,36.0,6.0,0.0,1.0,0.0,17.44MB,25.0,True,,61.0,RA,22.0,39.0,0.86,0.95,0.62,0.67,15.3846,0.0,2.5641,0.0,1,3,17.44
TA-1-3,mono,,22.0,19.0,39.0,24.0,3.0,0.0,0.0,0.0,0.0,7.87MB,54.0,True,,57.0,Monolithic,22.0,39.0,0.86,1.0,0.62,1.0,0.0,0.0,0.0,0.0,1,3,7.87
TA-1-4,compos,MA,23.0,21.0,29.0,27.0,53.0,7.0,0.0,1.0,0.0,21.92MB,26.0,True,,79.0,MA,24.0,42.0,0.88,0.96,0.64,0.69,16.6667,0.0,2.381,0.0,1,4,21.92
TA-1-4,compos,RA,23.0,21.0,29.0,27.0,37.0,7.0,0.0,1.0,0.0,16.96MB,25.0,True,,62.0,RA,24.0,42.0,0.88,0.96,0.64,0.69,16.6667,0.0,2.381,0.0,1,4,16.96
TA-1-4,compos,BFS,25.0,21.0,42.0,27.0,25.0,5.0,0.0,1.0,13.0,16.48MB,36.0,True,,61.0,BFS,24.0,42.0,0.88,1.04,0.64,1.0,11.9048,0.0,2.381,30.9524,1,4,16.48
TA-1-4,mono,,24.0,21.0,42.0,27.0,4.0,0.0,0.0,0.0,0.0,7.70MB,57.0,True,,61.0,Monolithic,24.0,42.0,0.88,1.0,0.64,1.0,0.0,0.0,0.0,0.0,1,4,7.7
TA-1-5,compos,MA,25.0,23.0,32.0,30.0,59.0,8.0,0.0,1.0,0.0,22.96MB,25.0,True,,84.0,MA,26.0,45.0,0.88,0.96,0.67,0.71,17.7778,0.0,2.2222,0.0,1,5,22.96
TA-1-5,compos,RA,25.0,23.0,32.0,30.0,39.0,8.0,0.0,1.0,0.0,17.92MB,26.0,True,,65.0,RA,26.0,45.0,0.88,0.96,0.67,0.71,17.7778,0.0,2.2222,0.0,1,5,17.92
TA-1-5,compos,BFS,27.0,23.0,45.0,30.0,20.0,3.0,0.0,1.0,13.0,15.93MB,26.0,True,,46.0,BFS,26.0,45.0,0.88,1.04,0.67,1.0,6.6667,0.0,2.2222,28.8889,1,5,15.93
TA-1-5,mono,,26.0,23.0,45.0,30.0,5.0,0.0,0.0,0.0,0.0,7.87MB,68.0,True,,73.0,Monolithic,26.0,45.0,0.88,1.0,0.67,1.0,0.0,0.0,0.0,0.0,1,5,7.87
TA-1-6,compos,MA,27.0,25.0,35.0,33.0,63.0,9.0,0.0,1.0,0.0,23.92MB,25.0,True,,88.0,MA,28.0,48.0,0.89,0.96,0.69,0.73,18.75,0.0,2.0833,0.0,1,6,23.92
TA-1-6,compos,RA,27.0,25.0,35.0,33.0,42.0,9.0,0.0,1.0,0.0,17.92MB,25.0,True,,67.0,RA,28.0,48.0,0.89,0.96,0.69,0.73,18.75,0.0,2.0833,0.0,1,6,17.92
TA-1-6,compos,BFS,29.0,25.0,48.0,33.0,22.0,2.0,0.0,1.0,13.0,16.00MB,32.0,True,,54.0,BFS,28.0,48.0,0.89,1.04,0.69,1.0,4.1667,0.0,2.0833,27.0833,1,6,16.0
TA-1-6,mono,,28.0,25.0,48.0,33.0,4.0,0.0,0.0,0.0,0.0,7.85MB,71.0,True,,75.0,Monolithic,28.0,48.0,0.89,1.0,0.69,1.0,0.0,0.0,0.0,0.0,1,6,7.85
TA-1-7,compos,MA,29.0,27.0,38.0,36.0,66.0,10.0,0.0,1.0,0.0,24.96MB,26.0,True,,92.0,MA,30.0,51.0,0.9,0.97,0.71,0.75,19.6078,0.0,1.9608,0.0,1,7,24.96
TA-1-7,compos,RA,29.0,27.0,38.0,36.0,44.0,10.0,0.0,1.0,0.0,18.48MB,26.0,True,,70.0,RA,30.0,51.0,0.9,0.97,0.71,0.75,19.6078,0.0,1.9608,0.0,1,7,18.48
TA-1-7,compos,BFS,31.0,27.0,51.0,36.0,19.0,3.0,0.0,1.0,13.0,15.92MB,26.0,True,,45.0,BFS,30.0,51.0,0.9,1.03,0.71,1.0,5.8824,0.0,1.9608,25.4902,1,7,15.92
TA-1-7,mono,,30.0,27.0,51.0,36.0,3.0,0.0,0.0,0.0,0.0,7.87MB,57.0,True,,60.0,Monolithic,30.0,51.0,0.9,1.0,0.71,1.0,0.0,0.0,0.0,0.0,1,7,7.87
TA-1-8,compos,MA,31.0,29.0,41.0,39.0,70.0,11.0,0.0,1.0,0.0,25.92MB,32.0,True,,102.0,MA,32.0,54.0,0.91,0.97,0.72,0.76,20.3704,0.0,1.8519,0.0,1,8,25.92
TA-1-8,compos,RA,31.0,29.0,41.0,39.0,48.0,11.0,0.0,1.0,0.0,18.96MB,25.0,True,,73.0,RA,32.0,54.0,0.91,0.97,0.72,0.76,20.3704,0.0,1.8519,0.0,1,8,18.96
TA-1-8,compos,BFS,33.0,29.0,54.0,39.0,19.0,5.0,0.0,1.0,13.0,15.92MB,28.0,True,,47.0,BFS,32.0,54.0,0.91,1.03,0.72,1.0,9.2593,0.0,1.8519,24.0741,1,8,15.92
TA-1-8,mono,,32.0,29.0,54.0,39.0,4.0,0.0,0.0,0.0,0.0,7.85MB,55.0,True,,59.0,Monolithic,32.0,54.0,0.91,1.0,0.72,1.0,0.0,0.0,0.0,0.0,1,8,7.85
TA-1-9,compos,BFS,35.0,31.0,57.0,42.0,20.0,7.0,0.0,1.0,13.0,16.00MB,26.0,True,,46.0,BFS,34.0,57.0,0.91,1.03,0.74,1.0,12.2807,0.0,1.7544,22.807,1,9,16.0
TA-1-9,compos,MA,33.0,31.0,44.0,42.0,101.0,12.0,0.0,1.0,0.0,26.00MB,33.0,True,,134.0,MA,34.0,57.0,0.91,0.97,0.74,0.77,21.0526,0.0,1.7544,0.0,1,9,26.0
TA-1-9,compos,RA,33.0,31.0,44.0,42.0,50.0,12.0,0.0,1.0,0.0,18.96MB,26.0,True,,76.0,RA,34.0,57.0,0.91,0.97,0.74,0.77,21.0526,0.0,1.7544,0.0,1,9,18.96
TA-1-9,mono,,34.0,31.0,57.0,42.0,5.0,0.0,0.0,0.0,0.0,8.45MB,72.0,True,,77.0,Monolithic,34.0,57.0,0.91,1.0,0.74,1.0,0.0,0.0,0.0,0.0,1,9,8.45
TA-2-1,compos,BFS,124.0,81.0,294.0,135.0,101.0,50.0,0.0,1.0,76.0,14.00MB,37.0,True,,138.0,BFS,121.0,300.0,0.67,1.02,0.45,0.98,16.6667,0.0,0.3333,25.3333,2,1,14.0
TA-2-1,compos,MA,92.0,61.0,169.0,90.0,147.0,50.0,0.0,1.0,0.0,29.08MB,26.0,True,,173.0,MA,121.0,300.0,0.5,0.76,0.3,0.56,16.6667,0.0,0.3333,0.0,2,1,29.08
TA-2-1,compos,RA,82.0,40.0,127.0,48.0,112.0,30.0,0.0,1.0,0.0,24.48MB,34.0,True,,146.0,RA,121.0,300.0,0.33,0.68,0.16,0.42,10.0,0.0,0.3333,0.0,2,1,24.48
TA-2-1,mono,,121.0,94.0,300.0,161.0,11.0,0.0,0.0,0.0,0.0,10.32MB,58.0,True,,69.0,Monolithic,121.0,300.0,0.78,1.0,0.54,1.0,0.0,0.0,0.0,0.0,2,1,10.32
TA-2-10,compos,MA,283.0,227.0,566.0,429.0,574.0,193.0,0.0,1.0,0.0,72.73MB,29.0,True,,603.0,MA,301.0,696.0,0.75,0.94,0.62,0.81,27.7299,0.0,0.1437,0.0,2,10,72.73
TA-2-10,compos,BFS,294.0,166.0,612.0,295.0,175.0,95.0,0.0,1.0,102.0,56.47MB,28.0,True,,203.0,BFS,301.0,696.0,0.55,0.98,0.42,0.88,13.6494,0.0,0.1437,14.6552,2,10,56.47
TA-2-10,compos,RA,159.0,100.0,258.0,142.0,160.0,65.0,0.0,1.0,0.0,23.41MB,29.0,True,,189.0,RA,301.0,696.0,0.33,0.53,0.2,0.37,9.3391,0.0,0.1437,0.0,2,10,23.41
TA-2-10,mono,,301.0,238.0,696.0,467.0,15.0,0.0,0.0,0.0,0.0,13.36MB,61.0,True,,76.0,Monolithic,301.0,696.0,0.79,1.0,0.67,1.0,0.0,0.0,0.0,0.0,2,10,13.36
TA-2-11,compos,MA,320.0,245.0,634.0,457.0,649.0,239.0,0.0,1.0,0.0,128.83MB,29.0,True,,678.0,MA,321.0,740.0,0.76,1.0,0.62,0.86,32.2973,0.0,0.1351,0.0,2,11,128.83
TA-2-11,compos,BFS,324.0,243.0,733.0,480.0,223.0,128.0,0.0,1.0,95.0,80.47MB,27.0,True,,250.0,BFS,321.0,740.0,0.76,1.01,0.65,0.99,17.2973,0.0,0.1351,12.8378,2,11,80.47
TA-2-11,compos,RA,162.0,106.0,261.0,151.0,175.0,68.0,0.0,1.0,0.0,26.54MB,38.0,True,,213.0,RA,321.0,740.0,0.33,0.5,0.2,0.35,9.1892,0.0,0.1351,0.0,2,11,26.54
TA-2-11,mono,,321.0,254.0,740.0,501.0,23.0,0.0,0.0,0.0,0.0,14.64MB,70.0,True,,93.0,Monolithic,321.0,740.0,0.79,1.0,0.68,1.0,0.0,0.0,0.0,0.0,2,11,14.64
TA-2-12,compos,MA,340.0,259.0,668.0,483.0,716.0,253.0,0.0,1.0,0.0,14.96MB,29.0,True,,745.0,MA,341.0,784.0,0.76,1.0,0.62,0.85,32.2704,0.0,0.1276,0.0,2,12,14.96
TA-2-12,compos,BFS,344.0,219.0,760.0,411.0,225.0,139.0,0.0,1.0,80.0,83.51MB,41.0,True,,266.0,BFS,341.0,784.0,0.64,1.01,0.52,0.97,17.7296,0.0,0.1276,10.2041,2,12,83.51
TA-2-12,compos,RA,173.0,112.0,280.0,160.0,193.0,71.0,0.0,1.0,0.0,28.66MB,29.0,True,,222.0,RA,341.0,784.0,0.33,0.51,0.2,0.36,9.0561,0.0,0.1276,0.0,2,12,28.66
TA-2-12,mono,,341.0,270.0,784.0,535.0,16.0,0.0,0.0,0.0,0.0,14.04MB,64.0,True,,80.0,Monolithic,341.0,784.0,0.79,1.0,0.68,1.0,0.0,0.0,0.0,0.0,2,12,14.04
TA-2-13,compos,BFS,364.0,235.0,813.0,442.0,239.0,140.0,0.0,1.0,91.0,92.52MB,29.0,True,,268.0,BFS,361.0,828.0,0.65,1.01,0.53,0.98,16.9082,0.0,0.1208,10.9903,2,13,92.52
TA-2-13,compos,RA,176.0,118.0,283.0,169.0,196.0,74.0,0.0,1.0,0.0,29.78MB,36.0,True,,232.0,RA,361.0,828.0,0.33,0.49,0.2,0.34,8.9372,0.0,0.1208,0.0,2,13,29.78
TA-2-13,compos,MA,360.0,277.0,709.0,520.0,762.0,278.0,0.0,1.0,0.0,46.40MB,29.0,True,,791.0,MA,361.0,828.0,0.77,1.0,0.63,0.86,33.5749,0.0,0.1208,0.0,2,13,46.4
TA-2-13,mono,,361.0,286.0,828.0,569.0,24.0,0.0,0.0,0.0,0.0,14.89MB,83.0,True,,107.0,Monolithic,361.0,828.0,0.79,1.0,0.69,1.0,0.0,0.0,0.0,0.0,2,13,14.89
TA-2-14,compos,RA,186.0,124.0,300.0,178.0,200.0,77.0,0.0,1.0,0.0,32.93MB,30.0,True,,230.0,RA,381.0,872.0,0.33,0.49,0.2,0.34,8.8303,0.0,0.1147,0.0,2,14,32.93
TA-2-14,compos,BFS,384.0,267.0,856.0,507.0,283.0,142.0,0.0,1.0,120.0,108.56MB,29.0,True,,312.0,BFS,381.0,872.0,0.7,1.01,0.58,0.98,16.2844,0.0,0.1147,13.7615,2,14,108.56
TA-2-14,compos,MA,380.0,291.0,749.0,549.0,870.0,293.0,0.0,1.0,0.0,93.00MB,39.0,True,,909.0,MA,381.0,872.0,0.76,1.0,0.63,0.86,33.6009,0.0,0.1147,0.0,2,14,93.0
TA-2-14,mono,,381.0,302.0,872.0,603.0,26.0,0.0,0.0,0.0,0.0,15.37MB,84.0,True,,110.0,Monolithic,381.0,872.0,0.79,1.0,0.69,1.0,0.0,0.0,0.0,0.0,2,14,15.37
TA-2-15,compos,BFS,404.0,236.0,857.0,429.0,267.0,131.0,0.0,1.0,121.0,103.58MB,30.0,True,,297.0,BFS,401.0,916.0,0.59,1.01,0.47,0.94,14.3013,0.0,0.1092,13.2096,2,15,103.58
TA-2-15,compos,RA,192.0,130.0,309.0,187.0,211.0,80.0,0.0,1.0,0.0,36.07MB,30.0,True,,241.0,RA,401.0,916.0,0.32,0.48,0.2,0.34,8.7336,0.0,0.1092,0.0,2,15,36.07
TA-2-15,compos,MA,364.0,309.0,715.0,580.0,799.0,261.0,0.0,1.0,0.0,76.27MB,29.0,True,,828.0,MA,401.0,916.0,0.77,0.91,0.63,0.78,28.4934,0.0,0.1092,0.0,2,15,76.27
TA-2-15,mono,,401.0,318.0,916.0,637.0,20.0,0.0,0.0,0.0,0.0,15.14MB,68.0,True,,88.0,Monolithic,401.0,916.0,0.79,1.0,0.7,1.0,0.0,0.0,0.0,0.0,2,15,15.14
TA-2-2,compos,RA,90.0,46.0,140.0,57.0,115.0,33.0,0.0,1.0,0.0,25.92MB,33.0,True,,148.0,RA,141.0,344.0,0.33,0.64,0.17,0.41,9.593,0.0,0.2907,0.0,2,2,25.92
TA-2-2,compos,BFS,143.0,97.0,336.0,169.0,85.0,50.0,0.0,1.0,82.0,14.00MB,26.0,True,,111.0,BFS,141.0,344.0,0.69,1.01,0.49,0.98,14.5349,0.0,0.2907,23.8372,2,2,14.0
TA-2-2,compos,MA,118.0,80.0,229.0,130.0,195.0,73.0,0.0,1.0,0.0,48.16MB,27.0,True,,222.0,MA,141.0,344.0,0.57,0.84,0.38,0.67,21.2209,0.0,0.2907,0.0,2,2,48.16
TA-2-2,mono,,141.0,110.0,344.0,195.0,11.0,0.0,0.0,0.0,0.0,10.72MB,67.0,True,,78.0,Monolithic,141.0,344.0,0.78,1.0,0.57,1.0,0.0,0.0,0.0,0.0,2,2,10.72
TA-2-3,compos,BFS,164.0,113.0,383.0,204.0,107.0,72.0,0.0,1.0,81.0,17.33MB,26.0,True,,133.0,BFS,161.0,388.0,0.7,1.02,0.53,0.99,18.5567,0.0,0.2577,20.8763,2,3,17.33
TA-2-3,compos,RA,98.0,52.0,153.0,66.0,112.0,36.0,0.0,1.0,0.0,26.97MB,26.0,True,,138.0,RA,161.0,388.0,0.32,0.61,0.17,0.39,9.2784,0.0,0.2577,0.0,2,3,26.97
TA-2-3,compos,MA,160.0,117.0,315.0,202.0,284.0,113.0,0.0,1.0,0.0,76.12MB,26.0,True,,310.0,MA,161.0,388.0,0.73,0.99,0.52,0.81,29.1237,0.0,0.2577,0.0,2,3,76.12
TA-2-3,mono,,161.0,126.0,388.0,229.0,14.0,0.0,0.0,0.0,0.0,11.03MB,60.0,True,,74.0,Monolithic,161.0,388.0,0.78,1.0,0.59,1.0,0.0,0.0,0.0,0.0,2,3,11.03
TA-2-4,compos,RA,106.0,58.0,166.0,75.0,115.0,39.0,0.0,1.0,0.0,14.00MB,37.0,True,,152.0,RA,181.0,432.0,0.32,0.59,0.17,0.38,9.0278,0.0,0.2315,0.0,2,4,14.0
TA-2-4,compos,BFS,184.0,129.0,427.0,238.0,116.0,98.0,0.0,1.0,86.0,26.37MB,26.0,True,,142.0,BFS,181.0,432.0,0.71,1.02,0.55,0.99,22.6852,0.0,0.2315,19.9074,2,4,26.37
TA-2-4,compos,MA,180.0,133.0,365.0,240.0,309.0,138.0,0.0,1.0,0.0,96.07MB,26.0,True,,335.0,MA,181.0,432.0,0.73,0.99,0.56,0.84,31.9444,0.0,0.2315,0.0,2,4,96.07
TA-2-4,mono,,181.0,142.0,432.0,263.0,11.0,0.0,0.0,0.0,0.0,11.21MB,59.0,True,,70.0,Monolithic,181.0,432.0,0.78,1.0,0.61,1.0,0.0,0.0,0.0,0.0,2,4,11.21
TA-2-5,compos,RA,98.0,63.0,140.0,83.0,115.0,25.0,0.0,1.0,0.0,27.44MB,27.0,True,,142.0,RA,201.0,476.0,0.31,0.49,0.17,0.29,5.2521,0.0,0.2101,0.0,2,5,27.44
TA-2-5,compos,MA,200.0,149.0,405.0,272.0,370.0,146.0,0.0,1.0,0.0,117.29MB,27.0,True,,397.0,MA,201.0,476.0,0.74,1.0,0.57,0.85,30.6723,0.0,0.2101,0.0,2,5,117.29
TA-2-5,compos,BFS,204.0,145.0,471.0,272.0,154.0,105.0,0.0,1.0,78.0,33.41MB,35.0,True,,189.0,BFS,201.0,476.0,0.72,1.01,0.57,0.99,22.0588,0.0,0.2101,16.3866,2,5,33.41
TA-2-5,mono,,201.0,158.0,476.0,297.0,11.0,0.0,0.0,0.0,0.0,11.59MB,59.0,True,,70.0,Monolithic,201.0,476.0,0.79,1.0,0.62,1.0,0.0,0.0,0.0,0.0,2,5,11.59
TA-2-6,compos,RA,105.0,69.0,151.0,92.0,121.0,28.0,0.0,1.0,0.0,14.00MB,28.0,True,,149.0,RA,221.0,520.0,0.31,0.48,0.18,0.29,5.3846,0.0,0.1923,0.0,2,6,14.0
TA-2-6,compos,BFS,224.0,161.0,511.0,306.0,131.0,95.0,0.0,1.0,82.0,36.43MB,28.0,True,,159.0,BFS,221.0,520.0,0.73,1.01,0.59,0.98,18.2692,0.0,0.1923,15.7692,2,6,36.43
TA-2-6,compos,MA,220.0,165.0,443.0,303.0,404.0,165.0,0.0,1.0,0.0,136.33MB,34.0,True,,438.0,MA,221.0,520.0,0.75,1.0,0.58,0.85,31.7308,0.0,0.1923,0.0,2,6,136.33
TA-2-6,mono,,221.0,174.0,520.0,331.0,12.0,0.0,0.0,0.0,0.0,11.78MB,61.0,True,,73.0,Monolithic,221.0,520.0,0.79,1.0,0.64,1.0,0.0,0.0,0.0,0.0,2,6,11.78
TA-2-7,compos,BFS,244.0,177.0,548.0,339.0,146.0,80.0,0.0,1.0,96.0,43.43MB,39.0,True,,185.0,BFS,241.0,564.0,0.73,1.01,0.6,0.97,14.1844,0.0,0.1773,17.0213,2,7,43.43
TA-2-7,compos,RA,112.0,75.0,162.0,101.0,131.0,31.0,0.0,1.0,0.0,14.00MB,29.0,True,,160.0,RA,241.0,564.0,0.31,0.46,0.18,0.29,5.4965,0.0,0.1773,0.0,2,7,14.0
TA-2-7,compos,MA,232.0,181.0,465.0,338.0,426.0,160.0,0.0,1.0,0.0,148.41MB,27.0,True,,453.0,MA,241.0,564.0,0.75,0.96,0.6,0.82,28.3688,0.0,0.1773,0.0,2,7,148.41
TA-2-7,mono,,241.0,190.0,564.0,365.0,19.0,0.0,0.0,0.0,0.0,12.38MB,94.0,True,,113.0,Monolithic,241.0,564.0,0.79,1.0,0.65,1.0,0.0,0.0,0.0,0.0,2,7,12.38
TA-2-8,compos,BFS,264.0,170.0,584.0,305.0,159.0,99.0,0.0,1.0,99.0,50.47MB,27.0,True,,186.0,BFS,261.0,608.0,0.65,1.01,0.5,0.96,16.2829,0.0,0.1645,16.2829,2,8,50.47
TA-2-8,compos,MA,240.0,197.0,470.0,359.0,458.0,164.0,0.0,1.0,0.0,20.09MB,28.0,True,,486.0,MA,261.0,608.0,0.75,0.92,0.59,0.77,26.9737,0.0,0.1645,0.0,2,8,20.09
TA-2-8,compos,RA,115.0,82.0,164.0,111.0,154.0,32.0,0.0,1.0,0.0,14.00MB,28.0,True,,182.0,RA,261.0,608.0,0.31,0.44,0.18,0.27,5.2632,0.0,0.1645,0.0,2,8,14.0
TA-2-8,mono,,261.0,206.0,608.0,399.0,11.0,0.0,0.0,0.0,0.0,12.63MB,61.0,True,,72.0,Monolithic,261.0,608.0,0.79,1.0,0.66,1.0,0.0,0.0,0.0,0.0,2,8,12.63
TA-2-9,compos,BFS,272.0,158.0,571.0,279.0,155.0,91.0,0.0,1.0,99.0,46.50MB,29.0,True,,184.0,BFS,281.0,652.0,0.56,0.97,0.43,0.88,13.9571,0.0,0.1534,15.184,2,9,46.5
TA-2-9,compos,MA,260.0,211.0,515.0,392.0,509.0,185.0,0.0,1.0,0.0,44.66MB,27.0,True,,536.0,MA,281.0,652.0,0.75,0.93,0.6,0.79,28.3742,0.0,0.1534,0.0,2,9,44.66
TA-2-9,compos,RA,119.0,88.0,169.0,120.0,133.0,35.0,0.0,1.0,0.0,14.48MB,28.0,True,,161.0,RA,281.0,652.0,0.31,0.42,0.18,0.26,5.3681,0.0,0.1534,0.0,2,9,14.48
TA-2-9,mono,,281.0,222.0,652.0,433.0,20.0,0.0,0.0,0.0,0.0,13.23MB,78.0,True,,98.0,Monolithic,281.0,652.0,0.79,1.0,0.66,1.0,0.0,0.0,0.0,0.0,2,9,13.23
TA-3-1,compos,BFS,792.0,365.0,2548.0,791.0,2015.0,831.0,0.0,1.0,344.0,140.77MB,28.0,True,,2043.0,BFS,788.0,2624.0,0.46,1.01,0.3,0.97,31.6692,0.0,0.0381,13.1098,3,1,140.77
TA-3-1,compos,RA,295.0,90.0,507.0,111.0,272.0,102.0,0.0,1.0,0.0,41.85MB,37.0,True,,309.0,RA,788.0,2624.0,0.11,0.37,0.04,0.19,3.8872,0.0,0.0381,0.0,3,1,41.85
TA-3-1,compos,MA,725.0,244.0,1834.0,472.0,1914.0,703.0,0.0,1.0,0.0,33.56MB,28.0,True,,1942.0,MA,788.0,2624.0,0.31,0.92,0.18,0.7,26.7912,0.0,0.0381,0.0,3,1,33.56
TA-3-1,mono,,788.0,588.0,2624.0,1386.0,72.0,0.0,0.0,0.0,0.0,11.89MB,75.0,True,,147.0,Monolithic,788.0,2624.0,0.75,1.0,0.53,1.0,0.0,0.0,0.0,0.0,3,1,11.89
TA-3-10,compos,BFS,2121.0,931.0,6600.0,2275.0,11180.0,2011.0,0.0,1.0,692.0,223.08MB,45.0,True,,11225.0,BFS,2120.0,6872.0,0.44,1.0,0.33,0.96,29.2637,0.0,0.0146,10.0698,3,10,223.08
TA-3-10,compos,RA,765.0,433.0,1493.0,764.0,1284.0,506.0,0.0,1.0,0.0,96.55MB,30.0,True,,1314.0,RA,2120.0,6872.0,0.2,0.36,0.11,0.22,7.3632,0.0,0.0146,0.0,3,10,96.55
TA-3-10,compos,MA,2016.0,980.0,5763.0,2323.0,14763.0,2784.0,0.0,1.0,0.0,248.22MB,30.0,True,,14793.0,MA,2120.0,6872.0,0.46,0.95,0.34,0.84,40.5122,0.0,0.0146,0.0,3,10,248.22
TA-3-10,mono,,2120.0,1560.0,6872.0,4122.0,130.0,0.0,0.0,0.0,0.0,48.59MB,96.0,True,,226.0,Monolithic,2120.0,6872.0,0.74,1.0,0.6,1.0,0.0,0.0,0.0,0.0,3,10,48.59
TA-3-11,compos,BFS,2257.0,1130.0,7104.0,2825.0,15144.0,2828.0,0.0,1.0,463.0,290.83MB,30.0,True,,15174.0,BFS,2268.0,7344.0,0.5,1.0,0.38,0.97,38.5076,0.0,0.0136,6.3045,3,11,290.83
TA-3-11,compos,RA,468.0,227.0,785.0,318.0,571.0,179.0,0.0,1.0,0.0,136.25MB,30.0,True,,601.0,RA,2268.0,7344.0,0.1,0.21,0.04,0.11,2.4374,0.0,0.0136,0.0,3,11,136.25
TA-3-11,compos,MA,2205.0,1029.0,6130.0,2422.0,16912.0,2825.0,0.0,1.0,0.0,221.90MB,30.0,True,,16942.0,MA,2268.0,7344.0,0.45,0.97,0.33,0.83,38.4668,0.0,0.0136,0.0,3,11,221.9
TA-3-11,mono,,2268.0,1668.0,7344.0,4426.0,168.0,0.0,0.0,0.0,0.0,56.79MB,104.0,True,,272.0,Monolithic,2268.0,7344.0,0.74,1.0,0.6,1.0,0.0,0.0,0.0,0.0,3,11,56.79
TA-3-12,compos,RA,490.0,241.0,819.0,339.0,626.0,187.0,0.0,1.0,0.0,154.42MB,31.0,True,,657.0,RA,2416.0,7816.0,0.1,0.2,0.04,0.1,2.3925,0.0,0.0128,0.0,3,12,154.42
TA-3-12,compos,MA,2289.0,1104.0,6408.0,2612.0,18167.0,3145.0,0.0,1.0,0.0,266.04MB,31.0,True,,18198.0,MA,2416.0,7816.0,0.46,0.95,0.33,0.82,40.238,0.0,0.0128,0.0,3,12,266.04
TA-3-12,compos,BFS,2404.0,928.0,7521.0,2149.0,12839.0,1967.0,0.0,1.0,691.0,280.61MB,30.0,True,,12869.0,BFS,2416.0,7816.0,0.38,1.0,0.27,0.96,25.1663,0.0,0.0128,8.8408,3,12,280.61
TA-3-12,mono,,2416.0,1776.0,7816.0,4730.0,149.0,0.0,0.0,0.0,0.0,58.50MB,77.0,True,,226.0,Monolithic,2416.0,7816.0,0.74,1.0,0.61,1.0,0.0,0.0,0.0,0.0,3,12,58.5
TA-3-13,compos,RA,661.0,319.0,1182.0,473.0,975.0,352.0,0.0,1.0,0.0,57.62MB,31.0,True,,1006.0,RA,2564.0,8288.0,0.12,0.26,0.06,0.14,4.2471,0.0,0.0121,0.0,3,13,57.62
TA-3-13,compos,BFS,2545.0,864.0,7726.0,1967.0,12035.0,1784.0,0.0,1.0,741.0,239.48MB,33.0,True,,12068.0,BFS,2564.0,8288.0,0.34,0.99,0.24,0.93,21.5251,0.0,0.0121,8.9406,3,13,239.48
TA-3-13,compos,MA,2233.0,1071.0,6010.0,2445.0,15549.0,2785.0,0.0,1.0,0.0,215.70MB,38.0,True,,15587.0,MA,2564.0,8288.0,0.42,0.87,0.3,0.73,33.6028,0.0,0.0121,0.0,3,13,215.7
TA-3-13,mono,,2564.0,1884.0,8288.0,5034.0,159.0,0.0,0.0,0.0,0.0,35.67MB,76.0,True,,235.0,Monolithic,2564.0,8288.0,0.73,1.0,0.61,1.0,0.0,0.0,0.0,0.0,3,13,35.67
TA-3-14,compos,RA,524.0,269.0,866.0,381.0,675.0,200.0,0.0,1.0,0.0,27.47MB,33.0,True,,708.0,RA,2712.0,8760.0,0.1,0.19,0.04,0.1,2.2831,0.0,0.0114,0.0,3,14,27.47
TA-3-14,compos,MA,2529.0,1235.0,7081.0,2950.0,23909.0,3246.0,0.0,1.0,0.0,224.60MB,33.0,True,,23942.0,MA,2712.0,8760.0,0.46,0.93,0.34,0.81,37.0548,0.0,0.0114,0.0,3,14,224.6
TA-3-14,compos,BFS,2719.0,1389.0,8554.0,3502.0,17054.0,2330.0,0.0,1.0,758.0,214.00MB,40.0,True,,17094.0,BFS,2712.0,8760.0,0.51,1.0,0.4,0.98,26.5982,0.0,0.0114,8.653,3,14,214.0
TA-3-14,mono,,2712.0,1992.0,8760.0,5338.0,169.0,0.0,0.0,0.0,0.0,41.83MB,79.0,True,,248.0,Monolithic,2712.0,8760.0,0.73,1.0,0.61,1.0,0.0,0.0,0.0,0.0,3,14,41.83
TA-3-15,compos,RA,705.0,358.0,1256.0,534.0,998.0,379.0,0.0,1.0,0.0,25.41MB,39.0,True,,1037.0,RA,2860.0,9232.0,0.13,0.25,0.06,0.14,4.1053,0.0,0.0108,0.0,3,15,25.41
TA-3-15,compos,MA,2663.0,1298.0,7369.0,3075.0,29573.0,3849.0,0.0,1.0,0.0,219.23MB,32.0,True,,29605.0,MA,2860.0,9232.0,0.45,0.93,0.33,0.8,41.6919,0.0,0.0108,0.0,3,15,219.23
TA-3-15,compos,BFS,2846.0,1207.0,8704.0,3016.0,19077.0,2364.0,0.0,1.0,670.0,247.97MB,33.0,True,,19110.0,BFS,2860.0,9232.0,0.42,1.0,0.33,0.94,25.6066,0.0,0.0108,7.2574,3,15,247.97
TA-3-15,mono,,2860.0,2100.0,9232.0,5642.0,170.0,0.0,0.0,0.0,0.0,51.44MB,77.0,True,,247.0,Monolithic,2860.0,9232.0,0.73,1.0,0.61,1.0,0.0,0.0,0.0,0.0,3,15,51.44
TA-3-2,compos,RA,303.0,104.0,516.0,132.0,286.0,107.0,0.0,1.0,0.0,51.97MB,37.0,True,,323.0,RA,936.0,3096.0,0.11,0.32,0.04,0.17,3.4561,0.0,0.0323,0.0,3,2,51.97
TA-3-2,compos,BFS,888.0,307.0,2623.0,624.0,1527.0,592.0,0.0,1.0,401.0,108.17MB,28.0,True,,1555.0,BFS,936.0,3096.0,0.33,0.95,0.2,0.85,19.1214,0.0,0.0323,12.9522,3,2,108.17
TA-3-2,compos,MA,813.0,407.0,2080.0,862.0,2324.0,864.0,0.0,1.0,0.0,150.43MB,28.0,True,,2352.0,MA,936.0,3096.0,0.43,0.87,0.28,0.67,27.907,0.0,0.0323,0.0,3,2,150.43
TA-3-2,mono,,936.0,696.0,3096.0,1690.0,67.0,0.0,0.0,0.0,0.0,16.93MB,73.0,True,,140.0,Monolithic,936.0,3096.0,0.74,1.0,0.55,1.0,0.0,0.0,0.0,0.0,3,2,16.93
TA-3-3,compos,RA,416.0,142.0,774.0,195.0,491.0,230.0,0.0,1.0,0.0,124.06MB,29.0,True,,520.0,RA,1084.0,3568.0,0.13,0.38,0.05,0.22,6.4462,0.0,0.028,0.0,3,3,124.06
TA-3-3,compos,MA,1044.0,478.0,2918.0,1050.0,3712.0,1318.0,0.0,1.0,0.0,173.90MB,28.0,True,,3740.0,MA,1084.0,3568.0,0.44,0.96,0.29,0.82,36.9395,0.0,0.028,0.0,3,3,173.9
TA-3-3,compos,BFS,1075.0,474.0,3391.0,1066.0,2510.0,865.0,0.0,1.0,401.0,209.91MB,28.0,True,,2538.0,BFS,1084.0,3568.0,0.44,0.99,0.3,0.95,24.2433,0.0,0.028,11.2388,3,3,209.91
TA-3-3,mono,,1084.0,804.0,3568.0,1994.0,76.0,0.0,0.0,0.0,0.0,13.70MB,76.0,True,,152.0,Monolithic,1084.0,3568.0,0.74,1.0,0.56,1.0,0.0,0.0,0.0,0.0,3,3,13.7
TA-3-4,compos,RA,441.0,160.0,818.0,224.0,510.0,245.0,0.0,1.0,0.0,133.21MB,39.0,True,,549.0,RA,1232.0,4040.0,0.13,0.36,0.06,0.2,6.0644,0.0,0.0248,0.0,3,4,133.21
TA-3-4,compos,MA,1185.0,547.0,3328.0,1228.0,5028.0,1585.0,0.0,1.0,0.0,162.73MB,27.0,True,,5055.0,MA,1232.0,4040.0,0.44,0.96,0.3,0.82,39.2327,0.0,0.0248,0.0,3,4,162.73
TA-3-4,compos,BFS,1239.0,596.0,3984.0,1409.0,4108.0,1172.0,0.0,1.0,455.0,149.68MB,36.0,True,,4144.0,BFS,1232.0,4040.0,0.48,1.01,0.35,0.99,29.0099,0.0,0.0248,11.2624,3,4,149.68
TA-3-4,mono,,1232.0,912.0,4040.0,2298.0,104.0,0.0,0.0,0.0,0.0,17.48MB,78.0,True,,182.0,Monolithic,1232.0,4040.0,0.74,1.0,0.57,1.0,0.0,0.0,0.0,0.0,3,4,17.48
TA-3-5,compos,MA,1321.0,618.0,3826.0,1428.0,6803.0,1922.0,0.0,1.0,0.0,176.44MB,37.0,True,,6840.0,MA,1380.0,4512.0,0.45,0.96,0.32,0.85,42.5975,0.0,0.0222,0.0,3,5,176.44
TA-3-5,compos,BFS,1356.0,584.0,4206.0,1368.0,4733.0,1328.0,0.0,1.0,418.0,173.13MB,38.0,True,,4771.0,BFS,1380.0,4512.0,0.42,0.98,0.3,0.93,29.4326,0.0,0.0222,9.2642,3,5,173.13
TA-3-5,compos,RA,461.0,178.0,865.0,253.0,599.0,269.0,0.0,1.0,0.0,16.50MB,42.0,True,,641.0,RA,1380.0,4512.0,0.13,0.33,0.06,0.19,5.9619,0.0,0.0222,0.0,3,5,16.5
TA-3-5,mono,,1380.0,1020.0,4512.0,2602.0,92.0,0.0,0.0,0.0,0.0,28.25MB,79.0,True,,171.0,Monolithic,1380.0,4512.0,0.74,1.0,0.58,1.0,0.0,0.0,0.0,0.0,3,5,28.25
TA-3-6,compos,MA,1451.0,687.0,4096.0,1579.0,7983.0,1908.0,0.0,1.0,0.0,248.90MB,29.0,True,,8012.0,MA,1528.0,4984.0,0.45,0.95,0.32,0.82,38.2825,0.0,0.0201,0.0,3,6,248.9
TA-3-6,compos,BFS,1535.0,752.0,4938.0,1824.0,6070.0,1500.0,0.0,1.0,500.0,84.35MB,29.0,True,,6099.0,BFS,1528.0,4984.0,0.49,1.0,0.37,0.99,30.0963,0.0,0.0201,10.0321,3,6,84.35
TA-3-6,compos,RA,483.0,193.0,885.0,279.0,652.0,268.0,0.0,1.0,0.0,39.73MB,32.0,True,,684.0,RA,1528.0,4984.0,0.13,0.32,0.06,0.18,5.3772,0.0,0.0201,0.0,3,6,39.73
TA-3-6,mono,,1528.0,1128.0,4984.0,2906.0,110.0,0.0,0.0,0.0,0.0,28.49MB,88.0,True,,198.0,Monolithic,1528.0,4984.0,0.74,1.0,0.58,1.0,0.0,0.0,0.0,0.0,3,6,28.49
TA-3-7,compos,RA,517.0,214.0,943.0,309.0,688.0,280.0,0.0,1.0,0.0,49.77MB,29.0,True,,717.0,RA,1676.0,5456.0,0.13,0.31,0.06,0.17,5.132,0.0,0.0183,0.0,3,7,49.77
TA-3-7,compos,MA,1493.0,751.0,4106.0,1757.0,7904.0,1965.0,0.0,1.0,0.0,200.40MB,29.0,True,,7933.0,MA,1676.0,5456.0,0.45,0.89,0.32,0.75,36.0154,0.0,0.0183,0.0,3,7,200.4
TA-3-7,compos,BFS,1643.0,555.0,4972.0,1225.0,5067.0,1170.0,0.0,1.0,568.0,253.56MB,37.0,True,,5104.0,BFS,1676.0,5456.0,0.33,0.98,0.22,0.91,21.4443,0.0,0.0183,10.4106,3,7,253.56
TA-3-7,mono,,1676.0,1236.0,5456.0,3210.0,117.0,0.0,0.0,0.0,0.0,34.46MB,79.0,True,,196.0,Monolithic,1676.0,5456.0,0.74,1.0,0.59,1.0,0.0,0.0,0.0,0.0,3,7,34.46
TA-3-8,compos,MA,1671.0,849.0,4555.0,1997.0,9126.0,1937.0,0.0,1.0,0.0,224.74MB,30.0,True,,9156.0,MA,1824.0,5928.0,0.47,0.92,0.34,0.77,32.6754,0.0,0.0169,0.0,3,8,224.74
TA-3-8,compos,RA,580.0,241.0,1083.0,359.0,839.0,344.0,0.0,1.0,0.0,137.12MB,36.0,True,,875.0,RA,1824.0,5928.0,0.13,0.32,0.06,0.18,5.803,0.0,0.0169,0.0,3,8,137.12
TA-3-8,compos,BFS,1779.0,635.0,5223.0,1417.0,6016.0,1269.0,0.0,1.0,653.0,306.66MB,30.0,True,,6046.0,BFS,1824.0,5928.0,0.35,0.98,0.24,0.88,21.4069,0.0,0.0169,11.0155,3,8,306.66
TA-3-8,mono,,1824.0,1344.0,5928.0,3514.0,126.0,0.0,0.0,0.0,0.0,39.94MB,75.0,True,,201.0,Monolithic,1824.0,5928.0,0.74,1.0,0.59,1.0,0.0,0.0,0.0,0.0,3,8,39.94
TA-3-9,compos,MA,1897.0,910.0,5476.0,2170.0,13801.0,2643.0,0.0,1.0,0.0,216.43MB,39.0,True,,13840.0,MA,1972.0,6400.0,0.46,0.96,0.34,0.86,41.2969,0.0,0.0156,0.0,3,9,216.43
TA-3-9,compos,RA,738.0,403.0,1431.0,704.0,1167.0,478.0,0.0,1.0,0.0,113.55MB,43.0,True,,1210.0,RA,1972.0,6400.0,0.2,0.37,0.11,0.22,7.4688,0.0,0.0156,0.0,3,9,113.55
TA-3-9,compos,BFS,1979.0,890.0,6203.0,2153.0,9571.0,1774.0,0.0,1.0,696.0,241.14MB,30.0,True,,9601.0,BFS,1972.0,6400.0,0.45,1.0,0.34,0.97,27.7188,0.0,0.0156,10.875,3,9,241.14
TA-3-9,mono,,1972.0,1452.0,6400.0,3818.0,131.0,0.0,0.0,0.0,0.0,45.76MB,73.0,True,,204.0,Monolithic,1972.0,6400.0,0.74,1.0,0.6,1.0,0.0,0.0,0.0,0.0,3,9,45.76
TA-4-1,compos,MA,3996.0,1719.0,15493.0,4944.0,97533.0,7231.0,0.0,1.0,0.0,201.12MB,29.0,True,,97562.0,MA,4680.0,20156.0,0.37,0.85,0.25,0.77,35.8752,0.0,0.005,0.0,4,1,201.12
TA-4-1,compos,BFS,4528.0,2301.0,18854.0,6924.0,151703.0,8102.0,0.0,1.0,1692.0,274.14MB,28.0,True,,151731.0,BFS,4680.0,20156.0,0.49,0.97,0.34,0.94,40.1965,0.0,0.005,8.3945,4,1,274.14
TA-4-1,compos,RA,1513.0,234.0,3280.0,318.0,3401.0,1193.0,0.0,1.0,0.0,131.73MB,28.0,True,,3429.0,RA,4680.0,20156.0,0.05,0.32,0.02,0.16,5.9188,0.0,0.005,0.0,4,1,131.73
TA-4-1,mono,,4680.0,3461.0,20156.0,10338.0,302.0,0.0,0.0,0.0,0.0,74.64MB,89.0,True,,391.0,Monolithic,4680.0,20156.0,0.74,1.0,0.51,1.0,0.0,0.0,0.0,0.0,4,1,74.64
TA-4-10,compos,RA,2811.0,1114.0,6147.0,2081.0,14593.0,2486.0,0.0,1.0,0.0,267.52MB,41.0,True,,14634.0,RA,12996.0,55616.0,0.09,0.22,0.04,0.11,4.4699,0.0,0.0018,0.0,4,10,267.52
TA-4-10,compos,MA,11744.0,5405.0,46091.0,17070.0,1502167.0,25887.0,0.0,1.0,0.0,283.55MB,43.0,True,,1502210.0,MA,12996.0,55616.0,0.42,0.9,0.31,0.83,46.546,0.0,0.0018,0.0,4,10,283.55
TA-4-10,compos,BFS,12409.0,6720.0,51113.0,22159.0,1496058.0,22636.0,0.0,1.0,2893.0,365.76MB,33.0,True,,1496091.0,BFS,12996.0,55616.0,0.52,0.95,0.4,0.92,40.7005,0.0,0.0018,5.2017,4,10,365.76
TA-4-10,mono,,12996.0,9329.0,55616.0,30714.0,750.0,0.0,0.0,0.0,0.0,175.65MB,147.0,True,,897.0,Monolithic,12996.0,55616.0,0.72,1.0,0.55,1.0,0.0,0.0,0.0,0.0,4,10,175.65
TA-4-11,compos,BFS,13638.0,5658.0,54883.0,17331.0,1545312.0,21014.0,0.0,1.0,4295.0,373.39MB,41.0,True,,1545353.0,BFS,13920.0,59556.0,0.41,0.98,0.29,0.92,35.2844,0.0,0.0017,7.2117,4,11,373.39
TA-4-11,compos,MA,12190.0,5953.0,45412.0,18579.0,1313393.0,23744.0,0.0,1.0,0.0,282.23MB,32.0,True,,1313425.0,MA,13920.0,59556.0,0.43,0.88,0.31,0.76,39.8684,0.0,0.0017,0.0,4,11,282.23
TA-4-11,compos,RA,3152.0,1421.0,6864.0,2716.0,18259.0,2801.0,0.0,1.0,0.0,328.46MB,34.0,True,,18293.0,RA,13920.0,59556.0,0.1,0.23,0.05,0.12,4.7031,0.0,0.0017,0.0,4,11,328.46
TA-4-11,mono,,13920.0,9981.0,59556.0,32978.0,865.0,0.0,0.0,0.0,0.0,141.72MB,183.0,True,,1048.0,Monolithic,13920.0,59556.0,0.72,1.0,0.55,1.0,0.0,0.0,0.0,0.0,4,11,141.72
TA-4-12,compos,RA,3280.0,1527.0,7147.0,2920.0,22192.0,2922.0,0.0,1.0,0.0,232.14MB,40.0,True,,22232.0,RA,14844.0,63496.0,0.1,0.22,0.05,0.11,4.6019,0.0,0.0016,0.0,4,12,232.14
TA-4-12,compos,BFS,,,,,,,,,,0MB,,,TO,1800000.0,BFS,14844.0,63496.0,,,,,,,,,4,12,
TA-4-12,compos,MA,,,,,,,,,,0MB,,,TO,1800000.0,MA,14844.0,63496.0,,,,,,,,,4,12,
TA-4-12,mono,,14844.0,10633.0,63496.0,35242.0,904.0,0.0,0.0,0.0,0.0,223.26MB,161.0,True,,1065.0,Monolithic,14844.0,63496.0,0.72,1.0,0.56,1.0,0.0,0.0,0.0,0.0,4,12,223.26
TA-4-13,compos,RA,2747.0,1053.0,5836.0,1817.0,14260.0,2350.0,0.0,1.0,0.0,272.08MB,35.0,True,,14295.0,RA,15768.0,67436.0,0.07,0.17,0.03,0.09,3.4848,0.0,0.0015,0.0,4,13,272.08
TA-4-13,mono,,15768.0,11285.0,67436.0,37506.0,1011.0,0.0,0.0,0.0,0.0,411.88MB,152.0,True,,1163.0,Monolithic,15768.0,67436.0,0.72,1.0,0.56,1.0,0.0,0.0,0.0,0.0,4,13,411.88
TA-4-14,compos,RA,2850.0,1115.0,6020.0,1927.0,15188.0,2433.0,0.0,1.0,0.0,242.35MB,35.0,True,,15223.0,RA,16692.0,71376.0,0.07,0.17,0.03,0.08,3.4087,0.0,0.0014,0.0,4,14,242.35
TA-4-14,mono,,16692.0,11937.0,71376.0,39770.0,1058.0,0.0,0.0,0.0,0.0,322.18MB,167.0,True,,1225.0,Monolithic,16692.0,71376.0,0.72,1.0,0.56,1.0,0.0,0.0,0.0,0.0,4,14,322.18
TA-4-15,compos,RA,2965.0,1177.0,6218.0,2034.0,16254.0,2486.0,0.0,1.0,0.0,324.30MB,47.0,True,,16301.0,RA,17616.0,75316.0,0.07,0.17,0.03,0.08,3.3008,0.0,0.0013,0.0,4,15,324.3
TA-4-15,mono,,17616.0,12589.0,75316.0,42034.0,1129.0,0.0,0.0,0.0,0.0,405.81MB,189.0,True,,1318.0,Monolithic,17616.0,75316.0,0.71,1.0,0.56,1.0,0.0,0.0,0.0,0.0,4,15,405.81
TA-4-2,compos,BFS,5432.0,2723.0,22364.0,8383.0,210033.0,8977.0,0.0,1.0,1696.0,332.99MB,29.0,True,,210062.0,BFS,5604.0,24096.0,0.49,0.97,0.35,0.93,37.2551,0.0,0.0042,7.0385,4,2,332.99
TA-4-2,compos,MA,5276.0,2239.0,20601.0,6669.0,208358.0,9749.0,0.0,1.0,0.0,238.75MB,28.0,True,,208386.0,MA,5604.0,24096.0,0.4,0.94,0.28,0.85,40.459,0.0,0.0042,0.0,4,2,238.75
TA-4-2,compos,RA,1741.0,292.0,3817.0,421.0,4699.0,1450.0,0.0,1.0,0.0,157.55MB,29.0,True,,4728.0,RA,5604.0,24096.0,0.05,0.31,0.02,0.16,6.0176,0.0,0.0042,0.0,4,2,157.55
TA-4-2,mono,,5604.0,4113.0,24096.0,12602.0,328.0,0.0,0.0,0.0,0.0,76.56MB,102.0,True,,430.0,Monolithic,5604.0,24096.0,0.73,1.0,0.52,1.0,0.0,0.0,0.0,0.0,4,2,76.56
TA-4-3,compos,BFS,6474.0,2917.0,26681.0,8713.0,305172.0,9778.0,0.0,1.0,2315.0,341.59MB,29.0,True,,305201.0,BFS,6528.0,28036.0,0.45,0.99,0.31,0.95,34.8766,0.0,0.0036,8.2572,4,3,341.59
TA-4-3,compos,RA,1843.0,350.0,4018.0,521.0,4635.0,1532.0,0.0,1.0,0.0,147.55MB,30.0,True,,4665.0,RA,6528.0,28036.0,0.05,0.28,0.02,0.14,5.4644,0.0,0.0036,0.0,4,3,147.55
TA-4-3,compos,MA,6014.0,2634.0,23024.0,8056.0,258527.0,11941.0,0.0,1.0,0.0,245.38MB,30.0,True,,258557.0,MA,6528.0,28036.0,0.4,0.92,0.29,0.82,42.5917,0.0,0.0036,0.0,4,3,245.38
TA-4-3,mono,,6528.0,4765.0,28036.0,14866.0,368.0,0.0,0.0,0.0,0.0,70.15MB,96.0,True,,464.0,Monolithic,6528.0,28036.0,0.73,1.0,0.53,1.0,0.0,0.0,0.0,0.0,4,3,70.15
TA-4-4,compos,BFS,7247.0,3798.0,29859.0,12069.0,444666.0,12571.0,0.0,1.0,2463.0,344.40MB,30.0,True,,444696.0,BFS,7452.0,31976.0,0.51,0.97,0.38,0.93,39.3139,0.0,0.0031,7.7027,4,4,344.4
TA-4-4,compos,RA,1950.0,396.0,4262.0,600.0,5787.0,1646.0,0.0,1.0,0.0,259.90MB,37.0,True,,5824.0,RA,7452.0,31976.0,0.05,0.26,0.02,0.13,5.1476,0.0,0.0031,0.0,4,4,259.9
TA-4-4,compos,MA,6949.0,3002.0,27694.0,9271.0,412498.0,14428.0,0.0,1.0,0.0,217.56MB,31.0,True,,412529.0,MA,7452.0,31976.0,0.4,0.93,0.29,0.87,45.1213,0.0,0.0031,0.0,4,4,217.56
TA-4-4,mono,,7452.0,5417.0,31976.0,17130.0,426.0,0.0,0.0,0.0,0.0,109.62MB,104.0,True,,530.0,Monolithic,7452.0,31976.0,0.73,1.0,0.54,1.0,0.0,0.0,0.0,0.0,4,4,109.62
TA-4-5,compos,BFS,8316.0,4437.0,34724.0,14201.0,563580.0,15337.0,0.0,1.0,2362.0,345.69MB,32.0,True,,563612.0,BFS,8376.0,35916.0,0.53,0.99,0.4,0.97,42.7024,0.0,0.0028,6.5765,4,5,345.69
TA-4-5,compos,MA,7888.0,3355.0,30721.0,10414.0,604888.0,17235.0,0.0,1.0,0.0,292.24MB,30.0,True,,604918.0,MA,8376.0,35916.0,0.4,0.94,0.29,0.86,47.987,0.0,0.0028,0.0,4,5,292.24
TA-4-5,compos,RA,1949.0,436.0,4221.0,666.0,5507.0,1615.0,0.0,1.0,0.0,184.16MB,41.0,True,,5548.0,RA,8376.0,35916.0,0.05,0.23,0.02,0.12,4.4966,0.0,0.0028,0.0,4,5,184.16
TA-4-5,mono,,8376.0,6069.0,35916.0,19394.0,511.0,0.0,0.0,0.0,0.0,155.76MB,115.0,True,,626.0,Monolithic,8376.0,35916.0,0.72,1.0,0.54,1.0,0.0,0.0,0.0,0.0,4,5,155.76
TA-4-6,compos,RA,2022.0,595.0,4366.0,997.0,6377.0,1687.0,0.0,1.0,0.0,258.28MB,30.0,True,,6407.0,RA,9300.0,39856.0,0.06,0.22,0.03,0.11,4.2327,0.0,0.0025,0.0,4,6,258.28
TA-4-6,compos,MA,8758.0,3787.0,34711.0,11861.0,636099.0,17858.0,0.0,1.0,0.0,223.59MB,34.0,True,,636133.0,MA,9300.0,39856.0,0.41,0.94,0.3,0.87,44.8063,0.0,0.0025,0.0,4,6,223.59
TA-4-6,compos,BFS,9089.0,4668.0,37721.0,15143.0,666353.0,15143.0,0.0,1.0,2345.0,353.36MB,32.0,True,,666385.0,BFS,9300.0,39856.0,0.5,0.98,0.38,0.95,37.9943,0.0,0.0025,5.8837,4,6,353.36
TA-4-6,mono,,9300.0,6721.0,39856.0,21658.0,516.0,0.0,0.0,0.0,0.0,172.83MB,114.0,True,,630.0,Monolithic,9300.0,39856.0,0.72,1.0,0.54,1.0,0.0,0.0,0.0,0.0,4,6,172.83
TA-4-7,compos,BFS,10131.0,4243.0,41046.0,12844.0,774973.0,15009.0,0.0,1.0,2984.0,358.53MB,38.0,True,,775011.0,BFS,10224.0,43796.0,0.42,0.99,0.29,0.94,34.2703,0.0,0.0023,6.8134,4,7,358.53
TA-4-7,compos,MA,9033.0,4170.0,33653.0,13013.0,714213.0,17596.0,0.0,1.0,0.0,262.56MB,42.0,True,,714255.0,MA,10224.0,43796.0,0.41,0.88,0.3,0.77,40.1772,0.0,0.0023,0.0,4,7,262.56
TA-4-7,compos,RA,2311.0,874.0,5104.0,1615.0,9332.0,2086.0,0.0,1.0,0.0,260.99MB,36.0,True,,9368.0,RA,10224.0,43796.0,0.09,0.23,0.04,0.12,4.763,0.0,0.0023,0.0,4,7,260.99
TA-4-7,mono,,10224.0,7373.0,43796.0,23922.0,538.0,0.0,0.0,0.0,0.0,167.22MB,150.0,True,,688.0,Monolithic,10224.0,43796.0,0.72,1.0,0.55,1.0,0.0,0.0,0.0,0.0,4,7,167.22
TA-4-8,compos,RA,2297.0,863.0,4927.0,1559.0,6984.0,1887.0,0.0,1.0,0.0,169.51MB,32.0,True,,7016.0,RA,11148.0,47736.0,0.08,0.21,0.03,0.1,3.953,0.0,0.0021,0.0,4,8,169.51
TA-4-8,compos,MA,10608.0,4793.0,41925.0,15057.0,1116537.0,22168.0,0.0,1.0,0.0,268.77MB,33.0,True,,1116570.0,MA,11148.0,47736.0,0.43,0.95,0.32,0.88,46.4387,0.0,0.0021,0.0,4,8,268.77
TA-4-8,compos,BFS,11024.0,5802.0,45320.0,18837.0,1161615.0,19102.0,0.0,1.0,3468.0,360.62MB,42.0,True,,1161657.0,BFS,11148.0,47736.0,0.52,0.99,0.39,0.95,40.0159,0.0,0.0021,7.265,4,8,360.62
TA-4-8,mono,,11148.0,8025.0,47736.0,26186.0,586.0,0.0,0.0,0.0,0.0,128.03MB,161.0,True,,747.0,Monolithic,11148.0,47736.0,0.72,1.0,0.55,1.0,0.0,0.0,0.0,0.0,4,8,128.03
TA-4-9,compos,RA,2965.0,1234.0,6517.0,2350.0,16061.0,2628.0,0.0,1.0,0.0,256.81MB,33.0,True,,16094.0,RA,12072.0,51676.0,0.1,0.25,0.05,0.13,5.0855,0.0,0.0019,0.0,4,9,256.81
TA-4-9,compos,MA,11302.0,5160.0,44124.0,16210.0,1419019.0,25579.0,0.0,1.0,0.0,275.77MB,33.0,True,,1419052.0,MA,12072.0,51676.0,0.43,0.94,0.31,0.85,49.4988,0.0,0.0019,0.0,4,9,275.77
TA-4-9,compos,BFS,11878.0,5787.0,48125.0,19096.0,1315926.0,20118.0,0.0,1.0,3374.0,368.79MB,31.0,True,,1315957.0,BFS,12072.0,51676.0,0.48,0.98,0.37,0.93,38.931,0.0,0.0019,6.5291,4,9,368.79
TA-4-9,mono,,12072.0,8677.0,51676.0,28450.0,633.0,0.0,0.0,0.0,0.0,216.55MB,137.0,True,,770.0,Monolithic,12072.0,51676.0,0.72,1.0,0.55,1.0,0.0,0.0,0.0,0.0,4,9,216.55
TA-5-1,compos,BFS,,,,,,,,,,0MB,,,TO,1800000.0,BFS,26404.0,141466.0,,,,,,,,,5,1,
TA-5-1,compos,RA,6566.0,518.0,15714.0,742.0,64360.0,6535.0,0.0,1.0,0.0,333.59MB,30.0,True,,64390.0,RA,26404.0,141466.0,0.02,0.25,0.01,0.11,4.6195,0.0,0.0007,0.0,5,1,333.59
TA-5-1,compos,MA,,,,,,,,,,0MB,,,TO,1800000.0,MA,26404.0,141466.0,,,,,,,,,5,1,
TA-5-1,mono,,26404.0,19782.0,141466.0,70856.0,1893.0,0.0,0.0,0.0,0.0,726.09MB,240.0,True,,2133.0,Monolithic,26404.0,141466.0,0.75,1.0,0.5,1.0,0.0,0.0,0.0,0.0,5,1,726.09
TA-5-10,compos,RA,11371.0,3223.0,27254.0,6340.0,522991.0,12631.0,0.0,1.0,0.0,419.51MB,34.0,True,,523025.0,RA,74176.0,398254.0,0.04,0.15,0.02,0.07,3.1716,0.0,0.0003,0.0,5,10,419.51
TA-5-10,mono,,74176.0,53478.0,398254.0,208646.0,6197.0,0.0,0.0,0.0,0.0,1006.91MB,418.0,True,,6615.0,Monolithic,74176.0,398254.0,0.72,1.0,0.52,1.0,0.0,0.0,0.0,0.0,5,10,1006.91
TA-5-11,compos,RA,8195.0,1595.0,19740.0,2633.0,214926.0,9529.0,0.0,1.0,0.0,407.09MB,49.0,True,,214975.0,RA,79484.0,426786.0,0.02,0.1,0.01,0.05,2.2327,0.0,0.0002,0.0,5,11,407.09
TA-5-11,mono,,79484.0,57222.0,426786.0,223956.0,6638.0,0.0,0.0,0.0,0.0,1.29GB,473.0,True,,7111.0,Monolithic,79484.0,426786.0,0.72,1.0,0.52,1.0,0.0,0.0,0.0,0.0,5,11,1320.96
TA-5-12,compos,RA,10049.0,2938.0,23847.0,5648.0,285215.0,11032.0,0.0,1.0,0.0,413.71MB,35.0,True,,285250.0,RA,84792.0,455318.0,0.03,0.12,0.01,0.05,2.4229,0.0,0.0002,0.0,5,12,413.71
TA-5-12,mono,,84792.0,60966.0,455318.0,239266.0,7023.0,0.0,0.0,0.0,0.0,1.86GB,470.0,True,,7493.0,Monolithic,84792.0,455318.0,0.72,1.0,0.53,1.0,0.0,0.0,0.0,0.0,5,12,1904.64
TA-5-13,compos,RA,10939.0,3126.0,26082.0,6040.0,406274.0,12559.0,0.0,1.0,0.0,422.10MB,37.0,True,,406311.0,RA,90100.0,483850.0,0.03,0.12,0.01,0.05,2.5956,0.0,0.0002,0.0,5,13,422.1
TA-5-13,mono,,90100.0,64710.0,483850.0,254576.0,7915.0,0.0,0.0,0.0,0.0,1.23GB,492.0,True,,8407.0,Monolithic,90100.0,483850.0,0.72,1.0,0.53,1.0,0.0,0.0,0.0,0.0,5,13,1259.52
TA-5-14,compos,RA,10881.0,3306.0,26025.0,6382.0,457646.0,12360.0,0.0,1.0,0.0,422.04MB,36.0,True,,457682.0,RA,95408.0,512382.0,0.03,0.11,0.01,0.05,2.4123,0.0,0.0002,0.0,5,14,422.04
TA-5-14,mono,,95408.0,68454.0,512382.0,269886.0,7938.0,0.0,0.0,0.0,0.0,1.24GB,502.0,True,,8440.0,Monolithic,95408.0,512382.0,0.72,1.0,0.53,1.0,0.0,0.0,0.0,0.0,5,14,1269.76
TA-5-15,compos,RA,12232.0,3899.0,29070.0,7584.0,543675.0,13774.0,0.0,1.0,0.0,453.95MB,36.0,True,,543711.0,RA,100716.0,540914.0,0.04,0.12,0.01,0.05,2.5464,0.0,0.0002,0.0,5,15,453.95
TA-5-15,mono,,100716.0,72198.0,540914.0,285196.0,8753.0,0.0,0.0,0.0,0.0,2.37GB,507.0,True,,9260.0,Monolithic,100716.0,540914.0,0.72,1.0,0.53,1.0,0.0,0.0,0.0,0.0,5,15,2426.88
TA-5-2,compos,RA,7230.0,648.0,17537.0,988.0,119696.0,7649.0,0.0,1.0,0.0,329.12MB,44.0,True,,119740.0,RA,31712.0,169998.0,0.02,0.23,0.01,0.1,4.4995,0.0,0.0006,0.0,5,2,329.12
TA-5-2,mono,,31712.0,23526.0,169998.0,86166.0,2206.0,0.0,0.0,0.0,0.0,477.93MB,252.0,True,,2458.0,Monolithic,31712.0,169998.0,0.74,1.0,0.51,1.0,0.0,0.0,0.0,0.0,5,2,477.93
TA-5-3,compos,RA,6407.0,879.0,14699.0,1425.0,48662.0,5518.0,0.0,1.0,0.0,316.86MB,30.0,True,,48692.0,RA,37020.0,198530.0,0.02,0.17,0.01,0.07,2.7794,0.0,0.0005,0.0,5,3,316.86
TA-5-3,mono,,37020.0,27270.0,198530.0,101476.0,2563.0,0.0,0.0,0.0,0.0,426.66MB,269.0,True,,2832.0,Monolithic,37020.0,198530.0,0.74,1.0,0.51,1.0,0.0,0.0,0.0,0.0,5,3,426.66
TA-5-4,compos,RA,6813.0,1261.0,15656.0,2183.0,55384.0,6053.0,0.0,1.0,0.0,331.95MB,43.0,True,,55427.0,RA,42328.0,227062.0,0.03,0.16,0.01,0.07,2.6658,0.0,0.0004,0.0,5,4,331.95
TA-5-4,mono,,42328.0,31014.0,227062.0,116786.0,2794.0,0.0,0.0,0.0,0.0,935.85MB,282.0,True,,3076.0,Monolithic,42328.0,227062.0,0.73,1.0,0.51,1.0,0.0,0.0,0.0,0.0,5,4,935.85
TA-5-5,compos,RA,8135.0,960.0,19572.0,1553.0,158012.0,8632.0,0.0,1.0,0.0,401.26MB,46.0,True,,158058.0,RA,47636.0,255594.0,0.02,0.17,0.01,0.08,3.3772,0.0,0.0004,0.0,5,5,401.26
TA-5-5,mono,,47636.0,34758.0,255594.0,132096.0,3286.0,0.0,0.0,0.0,0.0,1.27GB,315.0,True,,3601.0,Monolithic,47636.0,255594.0,0.73,1.0,0.52,1.0,0.0,0.0,0.0,0.0,5,5,1300.48
TA-5-6,compos,RA,8755.0,1893.0,21407.0,3531.0,283492.0,9994.0,0.0,1.0,0.0,342.59MB,33.0,True,,283525.0,RA,52944.0,284126.0,0.04,0.17,0.01,0.08,3.5175,0.0,0.0004,0.0,5,6,342.59
TA-5-6,mono,,52944.0,38502.0,284126.0,147406.0,4085.0,0.0,0.0,0.0,0.0,1.47GB,334.0,True,,4419.0,Monolithic,52944.0,284126.0,0.73,1.0,0.52,1.0,0.0,0.0,0.0,0.0,5,6,1505.28
TA-5-7,compos,RA,9803.0,2495.0,23824.0,4873.0,387360.0,11022.0,0.0,1.0,0.0,412.28MB,33.0,True,,387393.0,RA,58252.0,312658.0,0.04,0.17,0.02,0.08,3.5253,0.0,0.0003,0.0,5,7,412.28
TA-5-7,mono,,58252.0,42246.0,312658.0,162716.0,4560.0,0.0,0.0,0.0,0.0,2.00GB,354.0,True,,4914.0,Monolithic,58252.0,312658.0,0.73,1.0,0.52,1.0,0.0,0.0,0.0,0.0,5,7,2048.0
TA-5-8,compos,RA,10494.0,2740.0,25366.0,5383.0,380197.0,11713.0,0.0,1.0,0.0,350.29MB,34.0,True,,380231.0,RA,63560.0,341190.0,0.04,0.17,0.02,0.07,3.433,0.0,0.0003,0.0,5,8,350.29
TA-5-8,mono,,63560.0,45990.0,341190.0,178026.0,4834.0,0.0,0.0,0.0,0.0,2.20GB,380.0,True,,5214.0,Monolithic,63560.0,341190.0,0.72,1.0,0.52,1.0,0.0,0.0,0.0,0.0,5,8,2252.8
TA-5-9,compos,RA,9935.0,2969.0,24211.0,5832.0,328296.0,11570.0,0.0,1.0,0.0,351.54MB,35.0,True,,328331.0,RA,68868.0,369722.0,0.04,0.14,0.02,0.07,3.1294,0.0,0.0003,0.0,5,9,351.54
TA-5-9,mono,,68868.0,49734.0,369722.0,193336.0,5279.0,0.0,0.0,0.0,0.0,1.83GB,410.0,True,,5689.0,Monolithic,68868.0,369722.0,0.72,1.0,0.52,1.0,0.0,0.0,0.0,0.0,5,9,1873.92
TA-6-1,compos,RA,23385.0,956.0,57879.0,1357.0,927667.0,23813.0,0.0,1.0,0.0,458.11MB,30.0,True,,927697.0,RA,146180.0,944504.0,0.01,0.16,0.0,0.06,2.5212,0.0,0.0001,0.0,6,1,458.11
TA-6-1,mono,,146180.0,112695.0,944504.0,467822.0,15056.0,0.0,0.0,0.0,0.0,3.03GB,726.0,True,,15782.0,Monolithic,146180.0,944504.0,0.77,1.0,0.5,1.0,0.0,0.0,0.0,0.0,6,1,3102.72
TA-6-10,mono,,411392.0,304215.0,2672252.0,1363484.0,43417.0,0.0,0.0,0.0,0.0,4.87GB,2203.0,True,,45620.0,Monolithic,411392.0,2672252.0,0.74,1.0,0.51,1.0,0.0,0.0,0.0,0.0,6,10,4986.88
TA-6-11,mono,,440860.0,325495.0,2864224.0,1463002.0,51152.0,0.0,0.0,0.0,0.0,5.45GB,2446.0,True,,53598.0,Monolithic,440860.0,2864224.0,0.74,1.0,0.51,1.0,0.0,0.0,0.0,0.0,6,11,5580.8
TA-6-12,mono,,470328.0,346775.0,3056196.0,1562520.0,53535.0,0.0,0.0,0.0,0.0,5.39GB,2500.0,True,,56035.0,Monolithic,470328.0,3056196.0,0.74,1.0,0.51,1.0,0.0,0.0,0.0,0.0,6,12,5519.36
TA-6-13,mono,,499796.0,368055.0,3248168.0,1662038.0,58903.0,0.0,0.0,0.0,0.0,6.10GB,2781.0,True,,61684.0,Monolithic,499796.0,3248168.0,0.74,1.0,0.51,1.0,0.0,0.0,0.0,0.0,6,13,6246.4
TA-6-14,mono,,529264.0,389335.0,3440140.0,1761556.0,61469.0,0.0,0.0,0.0,0.0,6.64GB,3022.0,True,,64491.0,Monolithic,529264.0,3440140.0,0.74,1.0,0.51,1.0,0.0,0.0,0.0,0.0,6,14,6799.36
TA-6-15,mono,,558732.0,410615.0,3632112.0,1861074.0,63780.0,0.0,0.0,0.0,0.0,6.72GB,3256.0,True,,67036.0,Monolithic,558732.0,3632112.0,0.73,1.0,0.51,1.0,0.0,0.0,0.0,0.0,6,15,6881.28
TA-6-2,compos,RA,,,,,,,,,,0MB,,,TO,1800000.0,RA,175648.0,1136476.0,,,,,,,,,6,2,
TA-6-2,mono,,175648.0,133975.0,1136476.0,567340.0,17008.0,0.0,0.0,0.0,0.0,2.66GB,882.0,True,,17890.0,Monolithic,175648.0,1136476.0,0.76,1.0,0.5,1.0,0.0,0.0,0.0,0.0,6,2,2723.84
TA-6-3,mono,,205116.0,155255.0,1328448.0,666858.0,18832.0,0.0,0.0,0.0,0.0,2.40GB,964.0,True,,19796.0,Monolithic,205116.0,1328448.0,0.76,1.0,0.5,1.0,0.0,0.0,0.0,0.0,6,3,2457.6
TA-6-4,mono,,234584.0,176535.0,1520420.0,766376.0,21879.0,0.0,0.0,0.0,0.0,2.80GB,1205.0,True,,23084.0,Monolithic,234584.0,1520420.0,0.75,1.0,0.5,1.0,0.0,0.0,0.0,0.0,6,4,2867.2
TA-6-5,mono,,264052.0,197815.0,1712392.0,865894.0,22384.0,0.0,0.0,0.0,0.0,3.64GB,1308.0,True,,23692.0,Monolithic,264052.0,1712392.0,0.75,1.0,0.51,1.0,0.0,0.0,0.0,0.0,6,5,3727.36
TA-6-6,mono,,293520.0,219095.0,1904364.0,965412.0,27510.0,0.0,0.0,0.0,0.0,4.02GB,1537.0,True,,29047.0,Monolithic,293520.0,1904364.0,0.75,1.0,0.51,1.0,0.0,0.0,0.0,0.0,6,6,4116.48
TA-6-7,mono,,322988.0,240375.0,2096336.0,1064930.0,29847.0,0.0,0.0,0.0,0.0,4.10GB,1688.0,True,,31535.0,Monolithic,322988.0,2096336.0,0.74,1.0,0.51,1.0,0.0,0.0,0.0,0.0,6,7,4198.4
TA-6-8,mono,,352456.0,261655.0,2288308.0,1164448.0,34095.0,0.0,0.0,0.0,0.0,4.03GB,1841.0,True,,35936.0,Monolithic,352456.0,2288308.0,0.74,1.0,0.51,1.0,0.0,0.0,0.0,0.0,6,8,4126.72
TA-6-9,mono,,381924.0,282935.0,2480280.0,1263966.0,40770.0,0.0,0.0,0.0,0.0,4.50GB,2022.0,True,,42792.0,Monolithic,381924.0,2480280.0,0.74,1.0,0.51,1.0,0.0,0.0,0.0,0.0,6,9,4608.0
TA-7-1,compos,RA,,,,,,,,,,0MB,,,TO,1800000.0,RA,,,,,,,,,,,7,1,
TA-7-1,mono,,,,,,,,,,,0MB,,,Exception,-1.0,Monolithic,,,,,,,,,,,7,1,
