,expanded states,used states,expanded transitions,used transitions,synthesis time(ms),findNewGoals,findNewErrors,propagateGoals,propagateErrors,memory(mb),heuristic time(ms),algorithm,heuristic,problem,n,k,training time,training steps,eta,nnsize,epsilon,nfeatures,ra feature,avg q,idx,ra 1,ra 2,controllable,depth,state unexplorability,state marked,child marked,child goal,child error,child none,child deadlock,uncontrollability child,unexplorability child
0,139,99,316,174,336,9,0,1,47,16.98,69.0,new,ra_feature0,TA,2,2,12.609878540039062,10000,1e-06,20,0.1,13,True,0.24965297,0,-1.2319895,-1.9160457,-0.05945009,0.41541177,0.4910328,0.12851366,0.33255967,3.5762787e-07,-0.55772364,0.9848316,-2.9802322e-08,0.35312295,-1.3707324
1,1079,540,3450,1244,1956,14,0,1,197,104.49,1120.0,new,ra_feature0,TA,3,3,12.609878540039062,10000,1e-06,20,0.1,13,True,0.24965297,0,-1.2319895,-1.9160457,-0.05945009,0.41541177,0.4910328,0.12851366,0.33255967,3.5762787e-07,-0.55772364,0.9848316,-2.9802322e-08,0.35312295,-1.3707324
2,140,99,287,174,296,15,0,1,0,15.96,72.0,new,ra_feature1,TA,2,2,25.167053699493408,20000,1e-06,20,0.1,13,True,-0.37016925,1,-1.8100065,-1.9028146,-0.37170035,0.2580017,-0.24059,0.03356632,0.04017222,4.7683716e-07,-0.6240448,0.5162893,-1.4901161e-08,0.05622832,-1.6927437
3,1083,530,3347,1226,1815,65,0,1,0,98.5,1071.0,new,ra_feature1,TA,3,3,25.167053699493408,20000,1e-06,20,0.1,13,True,-0.37016925,1,-1.8100065,-1.9028146,-0.37170035,0.2580017,-0.24059,0.03356632,0.04017222,4.7683716e-07,-0.6240448,0.5162893,-1.4901161e-08,0.05622832,-1.6927437
4,140,99,287,174,289,15,0,1,0,14.97,54.0,new,ra_feature2,TA,2,2,37.788838148117065,30000,1e-06,20,0.1,13,True,-1.0482577,2,-2.209029,-1.9903749,-0.64371705,0.0934842,-0.84495807,-0.0011726394,0.033485517,6.2584877e-07,-0.5269377,0.11456972,0.0,-0.24668548,-1.8363388
5,1083,530,3347,1227,1778,65,0,1,0,112.61,1057.0,new,ra_feature2,TA,3,3,37.788838148117065,30000,1e-06,20,0.1,13,True,-1.0482577,2,-2.209029,-1.9903749,-0.64371705,0.0934842,-0.84495807,-0.0011726394,0.033485517,6.2584877e-07,-0.5269377,0.11456972,0.0,-0.24668548,-1.8363388
6,140,101,287,177,280,15,0,1,0,15.94,60.0,new,ra_feature3,TA,2,2,50.38095784187317,40000,1e-06,20,0.1,13,True,-1.8762491,3,-2.4230602,-1.9050245,-0.8018756,-0.13121006,-1.2955748,-0.0072341785,-0.048276335,4.7683716e-07,-0.42229128,-0.21176201,1.4901161e-08,-0.43203503,-1.9004114
7,1083,532,3347,1230,1915,65,0,1,0,23.1,1183.0,new,ra_feature3,TA,3,3,50.38095784187317,40000,1e-06,20,0.1,13,True,-1.8762491,3,-2.4230602,-1.9050245,-0.8018756,-0.13121006,-1.2955748,-0.0072341785,-0.048276335,4.7683716e-07,-0.42229128,-0.21176201,1.4901161e-08,-0.43203503,-1.9004114
8,140,99,287,174,291,15,0,1,0,15.97,49.0,new,ra_feature4,TA,2,2,62.95785665512085,50000,1e-06,20,0.1,13,True,-2.9587648,4,-2.5589182,-1.6488225,-0.8657559,-0.19926327,-1.5162071,-0.09914997,-0.15505528,7.1525574e-07,-0.3682145,-0.42680556,2.9802322e-08,-0.57151437,-1.8035784
9,1083,533,3347,1233,2046,65,0,1,0,70.67,1327.0,new,ra_feature4,TA,3,3,62.95785665512085,50000,1e-06,20,0.1,13,True,-2.9587648,4,-2.5589182,-1.6488225,-0.8657559,-0.19926327,-1.5162071,-0.09914997,-0.15505528,7.1525574e-07,-0.3682145,-0.42680556,2.9802322e-08,-0.57151437,-1.8035784
10,140,99,287,174,311,15,0,1,0,15.95,64.0,new,ra_feature5,TA,2,2,75.54141998291016,60000,1e-06,20,0.1,13,True,-4.4005384,5,-2.6269403,-1.4425594,-0.8970785,-0.21392165,-1.6178561,-0.13342114,-0.18823504,6.0908496e-07,-0.31856966,-0.55857503,2.9802322e-08,-0.6830729,-1.6800381
11,1083,522,3347,1212,2345,65,0,1,0,96.57,1547.0,new,ra_feature5,TA,3,3,75.54141998291016,60000,1e-06,20,0.1,13,True,-4.4005384,5,-2.6269403,-1.4425594,-0.8970785,-0.21392165,-1.6178561,-0.13342114,-0.18823504,6.0908496e-07,-0.31856966,-0.55857503,2.9802322e-08,-0.6830729,-1.6800381
12,140,101,287,177,285,15,0,1,0,15.96,58.0,new,ra_feature6,TA,2,2,88.18377256393433,70000,1e-06,20,0.1,13,True,-6.2659183,6,-2.665838,-1.3078716,-0.91349816,-0.21805643,-1.6647838,-0.14618772,-0.19069478,6.100163e-07,-0.29041964,-0.66038376,1.4901161e-08,-0.7628719,-1.6132462
13,1083,528,3347,1223,2351,65,0,1,0,158.5,1632.0,new,ra_feature6,TA,3,3,88.18377256393433,70000,1e-06,20,0.1,13,True,-6.2659183,6,-2.665838,-1.3078716,-0.91349816,-0.21805643,-1.6647838,-0.14618772,-0.19069478,6.100163e-07,-0.29041964,-0.66038376,1.4901161e-08,-0.7628719,-1.6132462
14,140,99,287,174,268,15,0,1,0,15.97,61.0,new,ra_feature7,TA,2,2,100.87170004844666,80000,1e-06,20,0.1,13,True,-8.64968,7,-2.7053916,-1.2260858,-0.9244457,-0.22116871,-1.6885322,-0.14964525,-0.17556824,6.4540654e-07,-0.27423024,-0.7571039,1.4901161e-08,-0.8304601,-1.5796158
15,1083,522,3347,1212,2889,65,0,1,0,43.38,2164.0,new,ra_feature7,TA,3,3,100.87170004844666,80000,1e-06,20,0.1,13,True,-8.64968,7,-2.7053916,-1.2260858,-0.9244457,-0.22116871,-1.6885322,-0.14964525,-0.17556824,6.4540654e-07,-0.27423024,-0.7571039,1.4901161e-08,-0.8304601,-1.5796158
16,140,99,287,174,269,15,0,1,0,16.97,58.0,new,ra_feature8,TA,2,2,113.57872915267944,90000,1e-06,20,0.1,13,True,-11.687517,8,-2.746553,-1.1729063,-0.93405473,-0.22405425,-1.6969631,-0.14854108,-0.14876172,6.0908496e-07,-0.26451862,-0.8527498,1.4901161e-08,-0.8915441,-1.5656164
17,1083,531,3347,1228,2903,65,0,1,0,130.45,2153.0,new,ra_feature8,TA,3,3,113.57872915267944,90000,1e-06,20,0.1,13,True,-11.687517,8,-2.746553,-1.1729063,-0.93405473,-0.22405425,-1.6969631,-0.14854108,-0.14876172,6.0908496e-07,-0.26451862,-0.8527498,1.4901161e-08,-0.8915441,-1.5656164
18,140,101,287,177,288,15,0,1,0,17.94,61.0,new,ra_feature9,TA,2,2,126.2719292640686,100000,1e-06,20,0.1,13,True,-15.230822,9,-2.7967885,-1.1462421,-0.941688,-0.22766063,-1.694905,-0.14792472,-0.11532177,5.2526593e-07,-0.2585085,-0.9545781,2.9802322e-08,-0.95286334,-1.5691911
19,1083,520,3347,1209,3035,66,0,1,0,49.7,2252.0,new,ra_feature9,TA,3,3,126.2719292640686,100000,1e-06,20,0.1,13,True,-15.230822,9,-2.7967885,-1.1462421,-0.941688,-0.22766063,-1.694905,-0.14792472,-0.11532177,5.2526593e-07,-0.2585085,-0.9545781,2.9802322e-08,-0.95286334,-1.5691911
20,140,99,287,174,298,15,0,1,0,17.95,57.0,new,ra_feature10,TA,2,2,138.99938559532166,110000,1e-06,20,0.1,13,True,-19.082676,10,-2.8728805,-1.1462147,-0.937306,-0.23224768,-1.6994164,-0.15119533,-0.07120356,5.8859587e-07,-0.25201583,-1.0700028,2.9802322e-08,-1.0182153,-1.6080852
21,1083,531,3347,1228,3342,66,0,1,0,119.83,2550.0,new,ra_feature10,TA,3,3,138.99938559532166,110000,1e-06,20,0.1,13,True,-19.082676,10,-2.8728805,-1.1462147,-0.937306,-0.23224768,-1.6994164,-0.15119533,-0.07120356,5.8859587e-07,-0.25201583,-1.0700028,2.9802322e-08,-1.0182153,-1.6080852
22,140,99,287,174,293,15,0,1,0,17.95,69.0,new,ra_feature11,TA,2,2,151.77661728858948,120000,1e-06,20,0.1,13,True,-23.440594,11,-2.9607038,-1.1582158,-0.9274388,-0.24039169,-1.6956632,-0.15720695,-0.019883182,6.556511e-07,-0.2482878,-1.1905756,0.0,-1.084611,-1.6658366
23,1083,529,3347,1225,3762,65,0,1,0,216.32,2932.0,new,ra_feature11,TA,3,3,151.77661728858948,120000,1e-06,20,0.1,13,True,-23.440594,11,-2.9607038,-1.1582158,-0.9274388,-0.24039169,-1.6956632,-0.15720695,-0.019883182,6.556511e-07,-0.2482878,-1.1905756,0.0,-1.084611,-1.6658366
24,140,101,287,177,296,15,0,1,0,17.95,60.0,new,ra_feature12,TA,2,2,164.51951694488525,130000,1e-06,20,0.1,13,True,-27.771856,12,-3.0705779,-1.187073,-0.9103248,-0.24589229,-1.6929418,-0.16947676,0.047755003,6.2584877e-07,-0.24266136,-1.3274149,0.0,-1.157217,-1.753161
25,1083,528,3347,1224,3445,65,0,1,0,65.94,2699.0,new,ra_feature12,TA,3,3,164.51951694488525,130000,1e-06,20,0.1,13,True,-27.771856,12,-3.0705779,-1.187073,-0.9103248,-0.24589229,-1.6929418,-0.16947676,0.047755003,6.2584877e-07,-0.24266136,-1.3274149,0.0,-1.157217,-1.753161
26,140,101,287,177,287,15,0,1,0,17.95,75.0,new,ra_feature13,TA,2,2,177.28892302513123,140000,1e-06,20,0.1,13,True,-31.9354,13,-3.2026882,-1.2269701,-0.882202,-0.25424084,-1.6820338,-0.1868296,0.13736382,7.748604e-07,-0.23925745,-1.4746586,0.0,-1.2363659,-1.873935
27,1083,527,3347,1220,3599,65,0,1,0,71.7,2815.0,new,ra_feature13,TA,3,3,177.28892302513123,140000,1e-06,20,0.1,13,True,-31.9354,13,-3.2026882,-1.2269701,-0.882202,-0.25424084,-1.6820338,-0.1868296,0.13736382,7.748604e-07,-0.23925745,-1.4746586,0.0,-1.2363659,-1.873935
28,140,99,287,174,305,15,0,1,0,18.94,64.0,new,ra_feature14,TA,2,2,189.99646759033203,150000,1e-06,20,0.1,13,True,-35.83397,14,-3.3801093,-1.3007566,-0.8366656,-0.26364654,-1.6902318,-0.2139956,0.25025848,8.940697e-07,-0.22291183,-1.6732583,0.0,-1.3374399,-2.0500176
29,1083,523,3347,1214,3732,65,0,1,0,171.7,2986.0,new,ra_feature14,TA,3,3,189.99646759033203,150000,1e-06,20,0.1,13,True,-35.83397,14,-3.3801093,-1.3007566,-0.8366656,-0.26364654,-1.6902318,-0.2139956,0.25025848,8.940697e-07,-0.22291183,-1.6732583,0.0,-1.3374399,-2.0500176
30,140,99,277,174,316,15,0,1,0,17.94,66.0,new,ra_feature15,TA,2,2,202.79126834869385,160000,1e-06,20,0.1,13,True,-39.163506,15,-3.5645273,-1.3839259,-0.7800827,-0.27587026,-1.6795217,-0.24619068,0.37875336,8.34465e-07,-0.20430672,-1.8849523,0.0,-1.4541745,-2.242814
31,1083,524,3313,1215,3864,69,0,1,0,73.08,3010.0,new,ra_feature15,TA,3,3,202.79126834869385,160000,1e-06,20,0.1,13,True,-39.163506,15,-3.5645273,-1.3839259,-0.7800827,-0.27587026,-1.6795217,-0.24619068,0.37875336,8.34465e-07,-0.20430672,-1.8849523,0.0,-1.4541745,-2.242814
32,140,99,277,174,296,16,0,1,0,19.95,64.0,new,ra_feature16,TA,2,2,215.70276260375977,170000,1e-06,20,0.1,13,True,-42.51412,16,-3.731993,-1.4515147,-0.7106154,-0.2865441,-1.6431351,-0.28115124,0.5173134,1.1324883e-06,-0.18832517,-2.075136,2.9802322e-08,-1.5792866,-2.4226809
33,1083,522,3313,1212,4146,142,0,1,0,217.38,3182.0,new,ra_feature16,TA,3,3,215.70276260375977,170000,1e-06,20,0.1,13,True,-42.51412,16,-3.731993,-1.4515147,-0.7106154,-0.2865441,-1.6431351,-0.28115124,0.5173134,1.1324883e-06,-0.18832517,-2.075136,2.9802322e-08,-1.5792866,-2.4226809
34,140,99,275,174,315,50,0,1,0,21.95,66.0,new,ra_feature17,TA,2,2,228.6967031955719,180000,1e-06,20,0.1,13,True,-45.905704,17,-3.8780344,-1.4971914,-0.6297703,-0.28553507,-1.5903052,-0.31850854,0.6727162,9.536743e-07,-0.18112028,-2.2657702,0.0,-1.7037374,-2.563284
35,1083,522,3255,1212,4474,516,0,1,0,73.4,3165.0,new,ra_feature17,TA,3,3,228.6967031955719,180000,1e-06,20,0.1,13,True,-45.905704,17,-3.8780344,-1.4971914,-0.6297703,-0.28553507,-1.5903052,-0.31850854,0.6727162,9.536743e-07,-0.18112028,-2.2657702,0.0,-1.7037374,-2.563284
36,140,83,261,138,295,60,0,1,0,22.96,74.0,new,ra_feature18,TA,2,2,241.83685064315796,190000,1e-06,20,0.1,13,True,-48.247627,18,-4.043244,-1.5667938,-0.5089617,-0.2837899,-1.5246539,-0.36749816,0.8750333,9.536743e-07,-0.1607256,-2.5044727,0.0,-1.8429664,-2.7501366
37,1083,440,3179,1003,5537,1103,0,1,0,221.96,3651.0,new,ra_feature18,TA,3,3,241.83685064315796,190000,1e-06,20,0.1,13,True,-48.247627,18,-4.043244,-1.5667938,-0.5089617,-0.2837899,-1.5246539,-0.36749816,0.8750333,9.536743e-07,-0.1607256,-2.5044727,0.0,-1.8429664,-2.7501366
38,140,83,260,138,341,79,0,1,0,23.95,88.0,new,ra_feature19,TA,2,2,255.02148842811584,200000,1e-06,20,0.1,13,True,-49.874825,19,-4.188388,-1.6339855,-0.33098888,-0.27613568,-1.4229288,-0.42411515,1.1005181,1.1920929e-06,-0.14040935,-2.7129745,0.0,-1.986335,-2.9316154
39,1082,392,3034,854,5535,1392,0,1,0,181.33,3609.0,new,ra_feature19,TA,3,3,255.02148842811584,200000,1e-06,20,0.1,13,True,-49.874825,19,-4.188388,-1.6339855,-0.33098888,-0.27613568,-1.4229288,-0.42411515,1.1005181,1.1920929e-06,-0.14040935,-2.7129745,0.0,-1.986335,-2.9316154
40,140,83,262,138,300,100,0,1,0,25.95,56.0,new,ra_feature20,TA,2,2,268.2898027896881,210000,1e-06,20,0.1,13,True,-52.52482,20,-4.2576365,-1.7079082,-0.22187531,-0.27667403,-1.3132112,-0.46802348,1.2139173,1.1920929e-06,-0.13094234,-2.8446918,0.0,-2.0996118,-3.0162654
41,1082,188,2971,304,6069,1415,0,1,0,61.61,3934.0,new,ra_feature20,TA,3,3,268.2898027896881,210000,1e-06,20,0.1,13,True,-52.52482,20,-4.2576365,-1.7079082,-0.22187531,-0.27667403,-1.3132112,-0.46802348,1.2139173,1.1920929e-06,-0.13094234,-2.8446918,0.0,-2.0996118,-3.0162654
42,140,83,261,138,329,105,0,1,0,23.94,68.0,new,ra_feature21,TA,2,2,281.45651841163635,220000,1e-06,20,0.1,13,True,-55.667736,21,-4.291029,-1.754283,-0.14899158,-0.2686875,-1.2044123,-0.5052126,1.3140979,1.1920929e-06,-0.1455338,-2.931448,0.0,-2.186792,-3.057511
43,1082,390,2969,851,5786,1552,0,1,0,199.81,3589.0,new,ra_feature21,TA,3,3,281.45651841163635,220000,1e-06,20,0.1,13,True,-55.667736,21,-4.291029,-1.754283,-0.14899158,-0.2686875,-1.2044123,-0.5052126,1.3140979,1.1920929e-06,-0.1455338,-2.931448,0.0,-2.186792,-3.057511
44,140,83,260,138,288,104,0,1,0,25.93,62.0,new,ra_feature22,TA,2,2,294.62771558761597,230000,1e-06,20,0.1,13,True,-58.531593,22,-4.307272,-1.7917404,-0.11008978,-0.24929708,-1.0875405,-0.54256433,1.4305991,1.1920929e-06,-0.16193199,-3.0307312,1.4901161e-08,-2.2352393,-3.0856147
45,1082,277,2805,544,5480,1457,0,1,0,221.25,3533.0,new,ra_feature22,TA,3,3,294.62771558761597,230000,1e-06,20,0.1,13,True,-58.531593,22,-4.307272,-1.7917404,-0.11008978,-0.24929708,-1.0875405,-0.54256433,1.4305991,1.1920929e-06,-0.16193199,-3.0307312,1.4901161e-08,-2.2352393,-3.0856147
46,140,58,253,81,283,97,0,1,0,24.93,63.0,new,ra_feature23,TA,2,2,307.8329110145569,240000,1e-06,20,0.1,13,True,-60.854206,23,-4.332442,-1.8968921,-0.16613281,-0.22898236,-0.9708592,-0.588509,1.4641854,1.1920929e-06,-0.18304563,-3.098908,1.4901161e-08,-2.2694242,-3.1376529
47,1083,279,2801,546,5503,1443,0,1,0,247.82,3613.0,new,ra_feature23,TA,3,3,307.8329110145569,240000,1e-06,20,0.1,13,True,-60.854206,23,-4.332442,-1.8968921,-0.16613281,-0.22898236,-0.9708592,-0.588509,1.4641854,1.1920929e-06,-0.18304563,-3.098908,1.4901161e-08,-2.2694242,-3.1376529
48,140,58,253,81,318,95,0,1,0,23.92,69.0,new,ra_feature24,TA,2,2,321.0318398475647,250000,1e-06,20,0.1,13,True,-63.127422,24,-4.3479366,-1.9854965,-0.1754955,-0.20386936,-0.88296956,-0.63666177,1.510648,1.1920929e-06,-0.1912961,-3.1456723,1.4901161e-08,-2.2973623,-3.2022767
49,1083,274,2794,538,5753,1379,0,1,0,229.94,3737.0,new,ra_feature24,TA,3,3,321.0318398475647,250000,1e-06,20,0.1,13,True,-63.127422,24,-4.3479366,-1.9854965,-0.1754955,-0.20386936,-0.88296956,-0.63666177,1.510648,1.1920929e-06,-0.1912961,-3.1456723,1.4901161e-08,-2.2973623,-3.2022767
50,140,58,252,81,332,94,0,1,0,23.93,94.0,new,ra_feature25,TA,2,2,334.29272079467773,260000,1e-06,20,0.1,13,True,-64.29204,25,-4.352813,-2.0494583,-0.13888156,-0.17101613,-0.7759164,-0.69245195,1.623498,1.4305115e-06,-0.20845342,-3.2080436,7.450581e-09,-2.3281596,-3.2537613
51,1083,278,2797,543,5756,1352,0,1,0,39.61,3730.0,new,ra_feature25,TA,3,3,334.29272079467773,260000,1e-06,20,0.1,13,True,-64.29204,25,-4.352813,-2.0494583,-0.13888156,-0.17101613,-0.7759164,-0.69245195,1.623498,1.4305115e-06,-0.20845342,-3.2080436,7.450581e-09,-2.3281596,-3.2537613
52,140,58,252,81,302,93,0,1,0,23.96,65.0,new,ra_feature26,TA,2,2,347.6147186756134,270000,1e-06,20,0.1,13,True,-66.23208,26,-4.3599315,-2.1521535,-0.16647935,-0.14377119,-0.7140143,-0.7394632,1.6597791,1.4305115e-06,-0.24120021,-3.259551,7.450581e-09,-2.3451684,-3.2883062
53,1083,279,2797,544,5484,1337,0,1,0,209.2,3460.0,new,ra_feature26,TA,3,3,347.6147186756134,270000,1e-06,20,0.1,13,True,-66.23208,26,-4.3599315,-2.1521535,-0.16647935,-0.14377119,-0.7140143,-0.7394632,1.6597791,1.4305115e-06,-0.24120021,-3.259551,7.450581e-09,-2.3451684,-3.2883062
54,140,58,253,81,332,93,0,1,0,23.93,79.0,new,ra_feature27,TA,2,2,360.9231150150299,280000,1e-06,20,0.1,13,True,-68.06575,27,-4.3558197,-2.240226,-0.17458916,-0.10626742,-0.65216696,-0.7936276,1.7013317,1.4305115e-06,-0.2672994,-3.3114219,7.450581e-09,-2.3625746,-3.3226418
55,1083,272,2779,529,5931,1323,0,1,0,198.61,3862.0,new,ra_feature27,TA,3,3,360.9231150150299,280000,1e-06,20,0.1,13,True,-68.06575,27,-4.3558197,-2.240226,-0.17458916,-0.10626742,-0.65216696,-0.7936276,1.7013317,1.4305115e-06,-0.2672994,-3.3114219,7.450581e-09,-2.3625746,-3.3226418
56,138,58,248,81,278,92,0,1,0,22.93,68.0,new,ra_feature28,TA,2,2,374.2205889225006,290000,1e-06,20,0.1,13,True,-69.750015,28,-4.353395,-2.3461514,-0.19910336,-0.06652734,-0.61317295,-0.8512279,1.7368865,1.4305115e-06,-0.3043046,-3.353804,3.259629e-09,-2.3718414,-3.3617709
57,1083,271,2797,527,5638,1317,0,1,0,253.67,3647.0,new,ra_feature28,TA,3,3,374.2205889225006,290000,1e-06,20,0.1,13,True,-69.750015,28,-4.353395,-2.3461514,-0.19910336,-0.06652734,-0.61317295,-0.8512279,1.7368865,1.4305115e-06,-0.3043046,-3.353804,3.259629e-09,-2.3718414,-3.3617709
58,138,58,248,81,360,92,0,1,0,22.95,78.0,new,ra_feature29,TA,2,2,387.48672366142273,300000,1e-06,20,0.1,13,True,-71.88074,29,-4.360429,-2.394223,-0.17941451,-0.030453457,-0.5944358,-0.9033747,1.813737,1.4305115e-06,-0.35463428,-3.3781996,0.0,-2.3911457,-3.3700824
59,1083,269,2801,524,5465,1308,0,1,0,225.65,3509.0,new,ra_feature29,TA,3,3,387.48672366142273,300000,1e-06,20,0.1,13,True,-71.88074,29,-4.360429,-2.394223,-0.17941451,-0.030453457,-0.5944358,-0.9033747,1.813737,1.4305115e-06,-0.35463428,-3.3781996,0.0,-2.3911457,-3.3700824
60,140,58,247,81,330,84,0,1,0,23.95,63.0,new,ra_feature30,TA,2,2,400.753267288208,310000,1e-06,20,0.1,13,True,-73.51972,30,-4.357692,-2.4915774,-0.17216372,-0.008967955,-0.59533733,-0.96376795,1.8487788,1.66893e-06,-0.39799094,-3.4000697,0.0,-2.4332888,-3.392078
61,1083,225,2850,399,5730,1320,0,1,0,198.7,3774.0,new,ra_feature30,TA,3,3,400.753267288208,310000,1e-06,20,0.1,13,True,-73.51972,30,-4.357692,-2.4915774,-0.17216372,-0.008967955,-0.59533733,-0.96376795,1.8487788,1.66893e-06,-0.39799094,-3.4000697,0.0,-2.4332888,-3.392078
62,140,58,246,81,279,84,0,1,0,22.94,62.0,new,ra_feature31,TA,2,2,413.89648818969727,320000,1e-06,20,0.1,13,True,-74.43101,31,-4.3979244,-2.6277075,-0.10631561,0.00055700913,-0.5683932,-1.0363464,1.9076774,1.4305115e-06,-0.5036087,-3.43945,0.0,-2.4805992,-3.423644
63,1083,225,2906,399,5334,1380,0,1,0,197.53,3434.0,new,ra_feature31,TA,3,3,413.89648818969727,320000,1e-06,20,0.1,13,True,-74.43101,31,-4.3979244,-2.6277075,-0.10631561,0.00055700913,-0.5683932,-1.0363464,1.9076774,1.4305115e-06,-0.5036087,-3.43945,0.0,-2.4805992,-3.423644
64,140,58,244,81,293,82,0,1,0,20.93,72.0,new,ra_feature32,TA,2,2,427.0442397594452,330000,1e-06,20,0.1,13,True,-75.83949,32,-4.427143,-2.7288713,-0.06242299,0.00760879,-0.5262535,-1.0974171,1.9501781,1.66893e-06,-0.5812466,-3.4598784,-7.450581e-09,-2.533606,-3.4435687
65,1083,276,3034,539,5860,1461,0,1,0,223.97,3749.0,new,ra_feature32,TA,3,3,427.0442397594452,330000,1e-06,20,0.1,13,True,-75.83949,32,-4.427143,-2.7288713,-0.06242299,0.00760879,-0.5262535,-1.0974171,1.9501781,1.66893e-06,-0.5812466,-3.4598784,-7.450581e-09,-2.533606,-3.4435687
66,140,56,242,77,282,80,0,1,0,20.93,54.0,new,ra_feature33,TA,2,2,440.2202866077423,340000,1e-06,20,0.1,13,True,-77.373405,33,-4.4330416,-2.8066833,-0.02805841,0.017550021,-0.4992386,-1.156546,1.9895571,1.66893e-06,-0.63964176,-3.4826126,0.0,-2.580944,-3.45045
67,1083,274,3015,536,6066,1477,0,1,0,157.27,3753.0,new,ra_feature33,TA,3,3,440.2202866077423,340000,1e-06,20,0.1,13,True,-77.373405,33,-4.4330416,-2.8066833,-0.02805841,0.017550021,-0.4992386,-1.156546,1.9895571,1.66893e-06,-0.63964176,-3.4826126,0.0,-2.580944,-3.45045
68,140,56,242,77,292,80,0,1,0,20.93,57.0,new,ra_feature34,TA,2,2,453.4421956539154,350000,1e-06,20,0.1,13,True,-79.069115,34,-4.4275904,-2.8807151,-0.078481555,0.021674704,-0.4779809,-1.2089424,2.0178008,1.9073486e-06,-0.67196083,-3.4965363,0.0,-2.6162655,-3.4552212
69,1083,184,2921,299,5654,1366,0,1,0,210.83,3717.0,new,ra_feature34,TA,3,3,453.4421956539154,350000,1e-06,20,0.1,13,True,-79.069115,34,-4.4275904,-2.8807151,-0.078481555,0.021674704,-0.4779809,-1.2089424,2.0178008,1.9073486e-06,-0.67196083,-3.4965363,0.0,-2.6162655,-3.4552212
70,140,56,242,77,340,80,0,1,0,19.93,87.0,new,ra_feature35,TA,2,2,466.7157950401306,360000,1e-06,20,0.1,13,True,-79.17822,35,-4.4200964,-2.9687212,-0.048490644,0.03999959,-0.45072797,-1.2866359,2.112099,1.9073486e-06,-0.7261927,-3.5199628,-1.4901161e-08,-2.6577,-3.4880257
71,1083,287,2991,561,5682,1429,0,1,0,115.41,3671.0,new,ra_feature35,TA,3,3,466.7157950401306,360000,1e-06,20,0.1,13,True,-79.17822,35,-4.4200964,-2.9687212,-0.048490644,0.03999959,-0.45072797,-1.2866359,2.112099,1.9073486e-06,-0.7261927,-3.5199628,-1.4901161e-08,-2.6577,-3.4880257
72,140,56,242,77,296,80,0,1,0,20.93,73.0,new,ra_feature36,TA,2,2,479.9434242248535,370000,1e-06,20,0.1,13,True,-80.93655,36,-4.3986363,-3.0341065,-0.09475136,0.04790152,-0.4561528,-1.3371029,2.1587732,1.9073486e-06,-0.759526,-3.540369,-1.4901161e-08,-2.6801543,-3.492019
73,1083,184,2973,300,5876,1379,0,1,0,241.37,3789.0,new,ra_feature36,TA,3,3,479.9434242248535,370000,1e-06,20,0.1,13,True,-80.93655,36,-4.3986363,-3.0341065,-0.09475136,0.04790152,-0.4561528,-1.3371029,2.1587732,1.9073486e-06,-0.759526,-3.540369,-1.4901161e-08,-2.6801543,-3.492019
74,140,56,242,77,368,80,0,1,0,20.97,84.0,new,ra_feature37,TA,2,2,493.07651352882385,380000,1e-06,20,0.1,13,True,-81.1294,37,-4.4142056,-3.1294212,-0.016739368,0.06273867,-0.4160938,-1.4119749,2.236997,1.9073486e-06,-0.8389847,-3.566349,0.0,-2.728068,-3.5089843
75,1083,216,2902,368,5590,1366,0,1,0,251.38,3653.0,new,ra_feature37,TA,3,3,493.07651352882385,380000,1e-06,20,0.1,13,True,-81.1294,37,-4.4142056,-3.1294212,-0.016739368,0.06273867,-0.4160938,-1.4119749,2.236997,1.9073486e-06,-0.8389847,-3.566349,0.0,-2.728068,-3.5089843
76,140,56,242,77,344,80,0,1,0,20.96,69.0,new,ra_feature38,TA,2,2,506.35853242874146,390000,1e-06,20,0.1,13,True,-83.34034,38,-4.4019766,-3.1973279,-0.05251074,0.07937306,-0.45789674,-1.4589684,2.2590942,1.66893e-06,-0.8784919,-3.581914,0.0,-2.7451677,-3.5078764
77,1083,178,2869,285,5572,1312,0,1,0,267.63,3756.0,new,ra_feature38,TA,3,3,506.35853242874146,390000,1e-06,20,0.1,13,True,-83.34034,38,-4.4019766,-3.1973279,-0.05251074,0.07937306,-0.45789674,-1.4589684,2.2590942,1.66893e-06,-0.8784919,-3.581914,0.0,-2.7451677,-3.5078764
78,140,56,246,77,340,83,0,1,0,20.94,63.0,new,ra_feature39,TA,2,2,519.6118936538696,400000,1e-06,20,0.1,13,True,-84.752396,39,-4.422769,-3.2734,-0.02128315,0.099031016,-0.42595646,-1.5187573,2.321601,2.1457672e-06,-0.9392464,-3.600344,0.0,-2.7531374,-3.5377827
79,1083,188,2894,306,5413,1352,0,1,0,100.7,3583.0,new,ra_feature39,TA,3,3,519.6118936538696,400000,1e-06,20,0.1,13,True,-84.752396,39,-4.422769,-3.2734,-0.02128315,0.099031016,-0.42595646,-1.5187573,2.321601,2.1457672e-06,-0.9392464,-3.600344,0.0,-2.7531374,-3.5377827
80,140,56,246,77,277,83,0,1,0,21.92,54.0,new,ra_feature40,TA,2,2,532.8725810050964,410000,1e-06,20,0.1,13,True,-86.23593,40,-4.4140887,-3.3250992,-0.035293818,0.118997246,-0.42791712,-1.5732558,2.3839324,1.66893e-06,-0.9808576,-3.606551,-2.9802322e-08,-2.7763553,-3.5557804
81,1083,208,2942,349,5433,1390,0,1,0,189.7,3430.0,new,ra_feature40,TA,3,3,532.8725810050964,410000,1e-06,20,0.1,13,True,-86.23593,40,-4.4140887,-3.3250992,-0.035293818,0.118997246,-0.42791712,-1.5732558,2.3839324,1.66893e-06,-0.9808576,-3.606551,-2.9802322e-08,-2.7763553,-3.5557804
82,140,56,241,77,282,83,0,1,0,21.94,59.0,new,ra_feature41,TA,2,2,546.0922696590424,420000,1e-06,20,0.1,13,True,-86.93516,41,-4.4167457,-3.3855243,0.008573294,0.14482637,-0.41315186,-1.6410701,2.4758658,2.1457672e-06,-1.0473404,-3.6201491,-2.9802322e-08,-2.7967844,-3.5707855
83,1083,158,2741,241,5338,1275,0,1,0,95.62,3651.0,new,ra_feature41,TA,3,3,546.0922696590424,420000,1e-06,20,0.1,13,True,-86.93516,41,-4.4167457,-3.3855243,0.008573294,0.14482637,-0.41315186,-1.6410701,2.4758658,2.1457672e-06,-1.0473404,-3.6201491,-2.9802322e-08,-2.7967844,-3.5707855
84,140,56,241,77,375,82,0,1,0,20.96,87.0,new,ra_feature42,TA,2,2,559.4335923194885,430000,1e-06,20,0.1,13,True,-88.73675,42,-4.420185,-3.3964756,0.02312398,0.16618481,-0.42545515,-1.6800921,2.5346425,1.9073486e-06,-1.0899053,-3.6162343,0.0,-2.794856,-3.5739865
85,1083,225,2811,373,5557,1342,0,1,0,185.96,3720.0,new,ra_feature42,TA,3,3,559.4335923194885,430000,1e-06,20,0.1,13,True,-88.73675,42,-4.420185,-3.3964756,0.02312398,0.16618481,-0.42545515,-1.6800921,2.5346425,1.9073486e-06,-1.0899053,-3.6162343,0.0,-2.794856,-3.5739865
86,140,56,242,77,281,83,0,1,0,21.94,64.0,new,ra_feature43,TA,2,2,572.7255744934082,440000,1e-06,20,0.1,13,True,-89.0525,43,-4.398914,-3.4433184,0.035861015,0.19768107,-0.45338306,-1.7381994,2.6170592,2.1457672e-06,-1.1482618,-3.629105,0.0,-2.8178954,-3.562909
87,1083,211,2791,346,5417,1322,0,1,0,194.19,3484.0,new,ra_feature43,TA,3,3,572.7255744934082,440000,1e-06,20,0.1,13,True,-89.0525,43,-4.398914,-3.4433184,0.035861015,0.19768107,-0.45338306,-1.7381994,2.6170592,2.1457672e-06,-1.1482618,-3.629105,0.0,-2.8178954,-3.562909
88,140,56,241,77,304,82,0,1,0,21.95,71.0,new,ra_feature44,TA,2,2,586.1151642799377,450000,1e-06,20,0.1,13,True,-88.94461,44,-4.409563,-3.5385342,0.04239893,0.23527806,-0.42818058,-1.8137414,2.699349,1.9073486e-06,-1.2230427,-3.6349342,-2.9802322e-08,-2.836099,-3.6099653
89,1083,213,2893,346,5592,1433,0,1,0,181.96,3652.0,new,ra_feature44,TA,3,3,586.1151642799377,450000,1e-06,20,0.1,13,True,-88.94461,44,-4.409563,-3.5385342,0.04239893,0.23527806,-0.42818058,-1.8137414,2.699349,1.9073486e-06,-1.2230427,-3.6349342,-2.9802322e-08,-2.836099,-3.6099653
90,140,56,242,77,277,83,0,1,0,21.94,67.0,new,ra_feature45,TA,2,2,599.5325455665588,460000,1e-06,20,0.1,13,True,-91.0289,45,-4.364866,-3.4775286,0.019075632,0.26526064,-0.45917487,-1.82687,2.7773309,1.9073486e-06,-1.2275164,-3.6329315,-5.9604645e-08,-2.8344634,-3.5632706
91,1083,229,2811,381,5643,1344,0,1,0,259.7,3680.0,new,ra_feature45,TA,3,3,599.5325455665588,460000,1e-06,20,0.1,13,True,-91.0289,45,-4.364866,-3.4775286,0.019075632,0.26526064,-0.45917487,-1.82687,2.7773309,1.9073486e-06,-1.2275164,-3.6329315,-5.9604645e-08,-2.8344634,-3.5632706
92,140,56,246,77,278,83,0,1,0,20.95,55.0,new,ra_feature46,TA,2,2,612.9061763286591,470000,1e-06,20,0.1,13,True,-91.29516,46,-4.3617454,-3.5687537,-0.018286228,0.30213755,-0.47017652,-1.8967075,2.81623,2.3841858e-06,-1.2849083,-3.6425097,-5.9604645e-08,-2.8647091,-3.5852861
93,1083,188,2874,306,5392,1303,0,1,0,124.32,3572.0,new,ra_feature46,TA,3,3,612.9061763286591,470000,1e-06,20,0.1,13,True,-91.29516,46,-4.3617454,-3.5687537,-0.018286228,0.30213755,-0.47017652,-1.8967075,2.81623,2.3841858e-06,-1.2849083,-3.6425097,-5.9604645e-08,-2.8647091,-3.5852861
94,140,56,242,77,315,82,0,1,0,20.94,69.0,new,ra_feature47,TA,2,2,626.2952165603638,480000,1e-06,20,0.1,13,True,-92.66592,47,-4.3714767,-3.6921263,-0.0002887249,0.32832372,-0.475993,-1.9525808,2.79067,2.3841858e-06,-1.3332253,-3.6727722,-5.9604645e-08,-2.90172,-3.6114163
95,1083,197,2850,318,5734,1376,0,1,0,245.57,3742.0,new,ra_feature47,TA,3,3,626.2952165603638,480000,1e-06,20,0.1,13,True,-92.66592,47,-4.3714767,-3.6921263,-0.0002887249,0.32832372,-0.475993,-1.9525808,2.79067,2.3841858e-06,-1.3332253,-3.6727722,-5.9604645e-08,-2.90172,-3.6114163
96,140,56,246,77,310,83,0,1,0,22.97,50.0,new,ra_feature48,TA,2,2,639.6762745380402,490000,1e-06,20,0.1,13,True,-93.5804,48,-4.362455,-3.7269757,-0.02131486,0.36825633,-0.47164643,-2.0039914,2.8633382,2.3841858e-06,-1.3768446,-3.6678116,-5.9604645e-08,-2.9156687,-3.6265283
97,1083,188,2872,306,5365,1287,0,1,0,108.07,3591.0,new,ra_feature48,TA,3,3,639.6762745380402,490000,1e-06,20,0.1,13,True,-93.5804,48,-4.362455,-3.7269757,-0.02131486,0.36825633,-0.47164643,-2.0039914,2.8633382,2.3841858e-06,-1.3768446,-3.6678116,-5.9604645e-08,-2.9156687,-3.6265283
98,140,56,245,77,349,83,0,1,0,20.93,78.0,new,ra_feature49,TA,2,2,653.0608041286469,500000,1e-06,20,0.1,13,True,-95.05632,49,-4.354858,-3.8004408,-0.022368431,0.38741854,-0.47745335,-2.0475821,2.8721414,2.3841858e-06,-1.411663,-3.6844835,-5.9604645e-08,-2.945472,-3.644089
99,1083,188,2883,306,5366,1286,0,1,0,111.36,3593.0,new,ra_feature49,TA,3,3,653.0608041286469,500000,1e-06,20,0.1,13,True,-95.05632,49,-4.354858,-3.8004408,-0.022368431,0.38741854,-0.47745335,-2.0475821,2.8721414,2.3841858e-06,-1.411663,-3.6844835,-5.9604645e-08,-2.945472,-3.644089
100,140,56,246,77,277,83,0,1,0,20.93,54.0,new,ra_feature50,TA,2,2,666.372278213501,510000,1e-06,20,0.1,13,True,-96.6826,50,-4.358696,-3.8578577,-0.008919477,0.40422907,-0.49356842,-2.0868955,2.878354,2.3841858e-06,-1.4420595,-3.6885498,0.0,-2.9689286,-3.6431048
101,1083,184,2891,299,5602,1283,0,1,0,219.32,3695.0,new,ra_feature50,TA,3,3,666.372278213501,510000,1e-06,20,0.1,13,True,-96.6826,50,-4.358696,-3.8578577,-0.008919477,0.40422907,-0.49356842,-2.0868955,2.878354,2.3841858e-06,-1.4420595,-3.6885498,0.0,-2.9689286,-3.6431048
102,140,56,241,77,277,82,0,1,0,20.95,51.0,new,ra_feature51,TA,2,2,679.7309613227844,520000,1e-06,20,0.1,13,True,-97.38473,51,-4.3481545,-3.8901439,0.013447762,0.4343849,-0.47262636,-2.141782,2.966784,1.9073486e-06,-1.4923694,-3.6881628,0.0,-2.9881992,-3.6531029
103,1083,207,2811,341,5447,1325,0,1,0,136.09,3598.0,new,ra_feature51,TA,3,3,679.7309613227844,520000,1e-06,20,0.1,13,True,-97.38473,51,-4.3481545,-3.8901439,0.013447762,0.4343849,-0.47262636,-2.141782,2.966784,1.9073486e-06,-1.4923694,-3.6881628,0.0,-2.9881992,-3.6531029
104,140,56,245,77,323,80,0,1,0,22.95,71.0,new,ra_feature52,TA,2,2,693.0526399612427,530000,1e-06,20,0.1,13,True,-97.451485,52,-4.3208175,-3.9795418,-0.05053687,0.47851783,-0.45166084,-2.2150738,3.0187745,2.3841858e-06,-1.5390594,-3.7190056,-5.9604645e-08,-3.022987,-3.6615686
105,1083,208,2917,349,5823,1319,0,1,0,205.7,3803.0,new,ra_feature52,TA,3,3,693.0526399612427,530000,1e-06,20,0.1,13,True,-97.451485,52,-4.3208175,-3.9795418,-0.05053687,0.47851783,-0.45166084,-2.2150738,3.0187745,2.3841858e-06,-1.5390594,-3.7190056,-5.9604645e-08,-3.022987,-3.6615686
106,140,56,244,77,335,80,0,1,0,21.94,81.0,new,ra_feature53,TA,2,2,706.2820751667023,540000,1e-06,20,0.1,13,True,-98.864716,53,-4.351147,-4.136839,-0.043194532,0.4912872,-0.4710393,-2.2719126,2.9502304,1.9073486e-06,-1.5966551,-3.7354772,-5.9604645e-08,-3.0649025,-3.6748023
107,1083,152,2869,227,5511,1263,0,1,0,148.36,3545.0,new,ra_feature53,TA,3,3,706.2820751667023,540000,1e-06,20,0.1,13,True,-98.864716,53,-4.351147,-4.136839,-0.043194532,0.4912872,-0.4710393,-2.2719126,2.9502304,1.9073486e-06,-1.5966551,-3.7354772,-5.9604645e-08,-3.0649025,-3.6748023
108,140,56,241,77,348,84,0,1,0,20.95,73.0,new,ra_feature54,TA,2,2,719.5228199958801,550000,1e-06,20,0.1,13,True,-100.35798,54,-4.3477254,-4.1084485,0.04314065,0.50473183,-0.47800258,-2.2932193,3.04331,2.3841858e-06,-1.6223214,-3.7217715,-5.9604645e-08,-3.0518107,-3.6897688
109,1083,225,2893,368,5864,1418,0,1,0,213.37,3778.0,new,ra_feature54,TA,3,3,719.5228199958801,550000,1e-06,20,0.1,13,True,-100.35798,54,-4.3477254,-4.1084485,0.04314065,0.50473183,-0.47800258,-2.2932193,3.04331,2.3841858e-06,-1.6223214,-3.7217715,-5.9604645e-08,-3.0518107,-3.6897688
110,140,56,245,77,370,82,0,1,0,20.95,85.0,new,ra_feature55,TA,2,2,732.7268946170807,560000,1e-06,20,0.1,13,True,-100.79152,55,-4.336621,-4.158824,-0.013309717,0.5412312,-0.44830415,-2.3529992,3.0990045,2.3841858e-06,-1.6630852,-3.7291427,-5.9604645e-08,-3.0774968,-3.6869948
111,1083,219,2907,385,5578,1300,0,1,0,259.51,3562.0,new,ra_feature55,TA,3,3,732.7268946170807,560000,1e-06,20,0.1,13,True,-100.79152,55,-4.336621,-4.158824,-0.013309717,0.5412312,-0.44830415,-2.3529992,3.0990045,2.3841858e-06,-1.6630852,-3.7291427,-5.9604645e-08,-3.0774968,-3.6869948
112,140,56,249,77,277,84,0,1,0,22.95,58.0,new,ra_feature56,TA,2,2,745.9585525989532,570000,1e-06,20,0.1,13,True,-100.84055,56,-4.319068,-4.291856,-0.04234481,0.5846764,-0.4751948,-2.4335046,3.120151,2.3841858e-06,-1.7141027,-3.7603726,-5.9604645e-08,-3.114661,-3.686072
113,1083,152,2865,227,5603,1256,0,1,0,181.96,3687.0,new,ra_feature56,TA,3,3,745.9585525989532,570000,1e-06,20,0.1,13,True,-100.84055,56,-4.319068,-4.291856,-0.04234481,0.5846764,-0.4751948,-2.4335046,3.120151,2.3841858e-06,-1.7141027,-3.7603726,-5.9604645e-08,-3.114661,-3.686072
114,140,56,245,77,274,82,0,1,0,20.93,62.0,new,ra_feature57,TA,2,2,759.2053861618042,580000,1e-06,20,0.1,13,True,-102.42363,57,-4.328558,-4.3060236,-0.014595747,0.6059871,-0.49762833,-2.4654908,3.1725428,1.9073486e-06,-1.7564685,-3.729722,-5.9604645e-08,-3.121846,-3.6991339
115,1083,178,2929,285,5959,1308,0,1,0,135.36,3786.0,new,ra_feature57,TA,3,3,759.2053861618042,580000,1e-06,20,0.1,13,True,-102.42363,57,-4.328558,-4.3060236,-0.014595747,0.6059871,-0.49762833,-2.4654908,3.1725428,1.9073486e-06,-1.7564685,-3.729722,-5.9604645e-08,-3.121846,-3.6991339
116,140,56,241,77,281,84,0,1,0,20.94,57.0,new,ra_feature58,TA,2,2,772.5466041564941,590000,1e-06,20,0.1,13,True,-103.44729,58,-4.339127,-4.3513136,0.032650948,0.62692535,-0.49376208,-2.5133727,3.2087274,1.9073486e-06,-1.808877,-3.7180078,-1.1920929e-07,-3.137117,-3.706911
117,1083,226,2902,370,5537,1408,0,1,0,235.95,3595.0,new,ra_feature58,TA,3,3,772.5466041564941,590000,1e-06,20,0.1,13,True,-103.44729,58,-4.339127,-4.3513136,0.032650948,0.62692535,-0.49376208,-2.5133727,3.2087274,1.9073486e-06,-1.808877,-3.7180078,-1.1920929e-07,-3.137117,-3.706911
118,140,56,240,77,303,84,0,1,0,21.93,56.0,new,ra_feature59,TA,2,2,785.9572882652283,600000,1e-06,20,0.1,13,True,-103.68737,59,-4.31957,-4.418789,0.004469633,0.67204905,-0.49337983,-2.58183,3.2786984,2.3841858e-06,-1.851825,-3.7429452,-1.1920929e-07,-3.13951,-3.7158563
119,1083,182,2821,285,5656,1310,0,1,0,195.67,3674.0,new,ra_feature59,TA,3,3,785.9572882652283,600000,1e-06,20,0.1,13,True,-103.68737,59,-4.31957,-4.418789,0.004469633,0.67204905,-0.49337983,-2.58183,3.2786984,2.3841858e-06,-1.851825,-3.7429452,-1.1920929e-07,-3.13951,-3.7158563
120,140,56,241,77,276,84,0,1,0,20.95,64.0,new,ra_feature60,TA,2,2,799.332592010498,610000,1e-06,20,0.1,13,True,-105.34148,60,-4.3226814,-4.421651,0.041936636,0.6828588,-0.5444501,-2.59552,3.2896261,2.3841858e-06,-1.8987432,-3.7221115,-1.1920929e-07,-3.123024,-3.6933086
121,1083,217,2844,354,5523,1341,0,1,0,267.7,3569.0,new,ra_feature60,TA,3,3,799.332592010498,610000,1e-06,20,0.1,13,True,-105.34148,60,-4.3226814,-4.421651,0.041936636,0.6828588,-0.5444501,-2.59552,3.2896261,2.3841858e-06,-1.8987432,-3.7221115,-1.1920929e-07,-3.123024,-3.6933086
122,140,56,241,77,337,84,0,1,0,20.95,67.0,new,ra_feature61,TA,2,2,812.8008780479431,620000,1e-06,20,0.1,13,True,-105.8751,61,-4.282588,-4.3974195,0.015794992,0.7125449,-0.55071557,-2.6302698,3.3803592,2.3841858e-06,-1.9262033,-3.6979342,-1.1920929e-07,-3.147382,-3.6717377
123,1083,158,2732,241,5613,1225,0,1,0,232.64,3941.0,new,ra_feature61,TA,3,3,812.8008780479431,620000,1e-06,20,0.1,13,True,-105.8751,61,-4.282588,-4.3974195,0.015794992,0.7125449,-0.55071557,-2.6302698,3.3803592,2.3841858e-06,-1.9262033,-3.6979342,-1.1920929e-07,-3.147382,-3.6717377
124,140,56,241,77,331,84,0,1,0,20.95,92.0,new,ra_feature62,TA,2,2,826.2363846302032,630000,1e-06,20,0.1,13,True,-106.21881,62,-4.267814,-4.4619474,-0.00083470345,0.75386846,-0.5503199,-2.686528,3.4323227,2.3841858e-06,-1.9672475,-3.716912,-1.1920929e-07,-3.1521964,-3.6933708
125,1083,221,2825,362,5627,1308,0,1,0,231.7,3605.0,new,ra_feature62,TA,3,3,826.2363846302032,630000,1e-06,20,0.1,13,True,-106.21881,62,-4.267814,-4.4619474,-0.00083470345,0.75386846,-0.5503199,-2.686528,3.4323227,2.3841858e-06,-1.9672475,-3.716912,-1.1920929e-07,-3.1521964,-3.6933708
126,140,56,249,77,321,84,0,1,0,22.96,60.0,new,ra_feature63,TA,2,2,839.4857592582703,640000,1e-06,20,0.1,13,True,-107.95047,63,-4.2760453,-4.5207696,-0.05017376,0.7741562,-0.5516871,-2.7130764,3.4055693,2.3841858e-06,-1.9864035,-3.7154813,-1.1920929e-07,-3.1660292,-3.6968374
127,1083,178,2972,285,5447,1323,0,1,0,197.1,3368.0,new,ra_feature63,TA,3,3,839.4857592582703,640000,1e-06,20,0.1,13,True,-107.95047,63,-4.2760453,-4.5207696,-0.05017376,0.7741562,-0.5516871,-2.7130764,3.4055693,2.3841858e-06,-1.9864035,-3.7154813,-1.1920929e-07,-3.1660292,-3.6968374
128,140,56,241,77,340,84,0,1,0,20.96,73.0,new,ra_feature64,TA,2,2,852.7484173774719,650000,1e-06,20,0.1,13,True,-108.9095,64,-4.292107,-4.587383,0.0064353943,0.79084414,-0.52538544,-2.7543495,3.4324043,2.3841858e-06,-2.0153232,-3.7329643,-1.1920929e-07,-3.181211,-3.7077906
129,1083,182,2812,285,5510,1297,0,1,0,76.09,3485.0,new,ra_feature64,TA,3,3,852.7484173774719,650000,1e-06,20,0.1,13,True,-108.9095,64,-4.292107,-4.587383,0.0064353943,0.79084414,-0.52538544,-2.7543495,3.4324043,2.3841858e-06,-2.0153232,-3.7329643,-1.1920929e-07,-3.181211,-3.7077906
130,140,56,244,77,327,82,0,1,0,20.94,76.0,new,ra_feature65,TA,2,2,866.0329215526581,660000,1e-06,20,0.1,13,True,-109.64944,65,-4.2896085,-4.6321416,-0.023200035,0.8217778,-0.5308672,-2.7970665,3.4660196,2.861023e-06,-2.0470273,-3.7232704,-1.1920929e-07,-3.1835845,-3.7147558
131,1083,178,2954,285,5705,1314,0,1,0,83.3,3605.0,new,ra_feature65,TA,3,3,866.0329215526581,660000,1e-06,20,0.1,13,True,-109.64944,65,-4.2896085,-4.6321416,-0.023200035,0.8217778,-0.5308672,-2.7970665,3.4660196,2.861023e-06,-2.0470273,-3.7232704,-1.1920929e-07,-3.1835845,-3.7147558
132,140,56,241,77,378,84,0,1,0,20.94,81.0,new,ra_feature66,TA,2,2,879.3040692806244,670000,1e-06,20,0.1,13,True,-110.72791,66,-4.2731485,-4.6521378,0.014662504,0.84227955,-0.54217166,-2.8243563,3.5044909,2.861023e-06,-2.0628626,-3.7409697,-1.1920929e-07,-3.1912498,-3.7173092
133,1083,182,2813,285,6091,1288,0,1,0,236.07,4004.0,new,ra_feature66,TA,3,3,879.3040692806244,670000,1e-06,20,0.1,13,True,-110.72791,66,-4.2731485,-4.6521378,0.014662504,0.84227955,-0.54217166,-2.8243563,3.5044909,2.861023e-06,-2.0628626,-3.7409697,-1.1920929e-07,-3.1912498,-3.7173092
134,140,56,243,77,354,85,0,1,0,21.95,102.0,new,ra_feature67,TA,2,2,892.6255021095276,680000,1e-06,20,0.1,13,True,-111.45494,67,-4.26608,-4.7072477,0.07247925,0.8722865,-0.5929809,-2.8619068,3.5263786,2.861023e-06,-2.1220372,-3.7289941,0.0,-3.197459,-3.701714
135,1083,217,2870,354,5504,1363,0,1,0,88.21,3566.0,new,ra_feature67,TA,3,3,892.6255021095276,680000,1e-06,20,0.1,13,True,-111.45494,67,-4.26608,-4.7072477,0.07247925,0.8722865,-0.5929809,-2.8619068,3.5263786,2.861023e-06,-2.1220372,-3.7289941,0.0,-3.197459,-3.701714
136,140,56,242,77,300,84,0,1,0,20.94,69.0,new,ra_feature68,TA,2,2,906.0353946685791,690000,1e-06,20,0.1,13,True,-112.99012,68,-4.249716,-4.6633224,0.019825935,0.8929704,-0.59470195,-2.852823,3.569932,2.3841858e-06,-2.1289697,-3.7007499,0.0,-3.1844456,-3.6918504
137,1083,158,2745,237,5563,1221,0,1,0,211.07,3786.0,new,ra_feature68,TA,3,3,906.0353946685791,690000,1e-06,20,0.1,13,True,-112.99012,68,-4.249716,-4.6633224,0.019825935,0.8929704,-0.59470195,-2.852823,3.569932,2.3841858e-06,-2.1289697,-3.7007499,0.0,-3.1844456,-3.6918504
138,140,56,241,77,322,83,0,1,0,20.97,55.0,new,ra_feature69,TA,2,2,919.4446983337402,700000,1e-06,20,0.1,13,True,-113.71072,69,-4.241179,-4.695448,0.022821665,0.9233864,-0.57996285,-2.8889327,3.607988,2.861023e-06,-2.1619842,-3.6834486,0.0,-3.2144918,-3.693378
139,1083,170,2808,263,5352,1274,0,1,0,205.82,3428.0,new,ra_feature69,TA,3,3,919.4446983337402,700000,1e-06,20,0.1,13,True,-113.71072,69,-4.241179,-4.695448,0.022821665,0.9233864,-0.57996285,-2.8889327,3.607988,2.861023e-06,-2.1619842,-3.6834486,0.0,-3.2144918,-3.693378
140,140,56,245,77,309,81,0,1,0,20.94,72.0,new,ra_feature70,TA,2,2,932.7959594726562,710000,1e-06,20,0.1,13,True,-114.29041,70,-4.252249,-4.8197904,-0.020814896,0.9420139,-0.55336547,-2.940399,3.56146,2.861023e-06,-2.2031536,-3.7136285,0.0,-3.2588313,-3.6945791
141,1083,178,2941,285,5618,1276,0,1,0,260.58,3655.0,new,ra_feature70,TA,3,3,932.7959594726562,710000,1e-06,20,0.1,13,True,-114.29041,70,-4.252249,-4.8197904,-0.020814896,0.9420139,-0.55336547,-2.940399,3.56146,2.861023e-06,-2.2031536,-3.7136285,0.0,-3.2588313,-3.6945791
142,140,56,249,77,279,83,0,1,0,22.95,65.0,new,ra_feature71,TA,2,2,946.1171572208405,720000,1e-06,20,0.1,13,True,-115.42089,71,-4.226653,-4.860938,-0.13290858,0.95019007,-0.54916435,-2.9678948,3.5634532,2.861023e-06,-2.221564,-3.6794534,0.0,-3.2817993,-3.7103329
143,1083,178,2901,285,5671,1230,0,1,0,226.36,3586.0,new,ra_feature71,TA,3,3,946.1171572208405,720000,1e-06,20,0.1,13,True,-115.42089,71,-4.226653,-4.860938,-0.13290858,0.95019007,-0.54916435,-2.9678948,3.5634532,2.861023e-06,-2.221564,-3.6794534,0.0,-3.2817993,-3.7103329
144,140,56,245,77,314,79,0,1,0,21.97,60.0,new,ra_feature72,TA,2,2,959.4133598804474,730000,1e-06,20,0.1,13,True,-115.64614,72,-4.2350826,-4.983942,-0.09531474,0.9775619,-0.5254912,-3.0438905,3.6224952,3.33786e-06,-2.2626193,-3.696721,0.0,-3.333921,-3.764267
145,1083,150,2840,223,5530,1180,0,1,0,265.24,3576.0,new,ra_feature72,TA,3,3,959.4133598804474,730000,1e-06,20,0.1,13,True,-115.64614,72,-4.2350826,-4.983942,-0.09531474,0.9775619,-0.5254912,-3.0438905,3.6224952,3.33786e-06,-2.2626193,-3.696721,0.0,-3.333921,-3.764267
146,140,56,246,77,283,79,0,1,0,21.94,66.0,new,ra_feature73,TA,2,2,972.7287878990173,740000,1e-06,20,0.1,13,True,-116.64558,73,-4.2463984,-5.0556993,-0.06086111,0.98190206,-0.48690087,-3.0823338,3.6068504,2.3841858e-06,-2.284088,-3.7145777,0.0,-3.3892367,-3.7520533
147,1083,190,2908,320,5496,1221,0,1,0,218.7,3428.0,new,ra_feature73,TA,3,3,972.7287878990173,740000,1e-06,20,0.1,13,True,-116.64558,73,-4.2463984,-5.0556993,-0.06086111,0.98190206,-0.48690087,-3.0823338,3.6068504,2.3841858e-06,-2.284088,-3.7145777,0.0,-3.3892367,-3.7520533
148,140,56,246,77,325,77,0,1,0,21.94,79.0,new,ra_feature74,TA,2,2,986.0567469596863,750000,1e-06,20,0.1,13,True,-115.1962,74,-4.203927,-5.213376,-0.088161945,1.0464638,-0.4609716,-3.2138321,3.7295218,2.861023e-06,-2.352797,-3.707285,-1.1920929e-07,-3.4855914,-3.7948256
149,1083,150,2829,223,5420,1048,0,1,0,107.42,3422.0,new,ra_feature74,TA,3,3,986.0567469596863,750000,1e-06,20,0.1,13,True,-115.1962,74,-4.203927,-5.213376,-0.088161945,1.0464638,-0.4609716,-3.2138321,3.7295218,2.861023e-06,-2.352797,-3.707285,-1.1920929e-07,-3.4855914,-3.7948256
150,140,56,246,77,368,76,0,1,0,21.95,82.0,new,ra_feature75,TA,2,2,999.3794021606445,760000,1e-06,20,0.1,13,True,-117.23795,75,-4.1956053,-5.2129426,-0.13737893,1.0398794,-0.51296526,-3.2025774,3.6632502,2.861023e-06,-2.3510895,-3.665816,-1.1920929e-07,-3.492793,-3.7709627
151,1083,183,2843,294,5489,1027,0,1,0,144.7,3451.0,new,ra_feature75,TA,3,3,999.3794021606445,760000,1e-06,20,0.1,13,True,-117.23795,75,-4.1956053,-5.2129426,-0.13737893,1.0398794,-0.51296526,-3.2025774,3.6632502,2.861023e-06,-2.3510895,-3.665816,-1.1920929e-07,-3.492793,-3.7709627
152,140,56,247,77,329,77,0,1,0,22.96,69.0,new,ra_feature76,TA,2,2,1012.6679654121399,770000,1e-06,20,0.1,13,True,-118.7915,76,-4.2148776,-5.1929426,-0.079749346,1.0246994,-0.45758057,-3.2113569,3.6918166,2.3841858e-06,-2.3647857,-3.6655817,-1.1920929e-07,-3.5002,-3.7524436
153,1083,150,2869,223,5857,1085,0,1,0,217.38,3739.0,new,ra_feature76,TA,3,3,1012.6679654121399,770000,1e-06,20,0.1,13,True,-118.7915,76,-4.2148776,-5.1929426,-0.079749346,1.0246994,-0.45758057,-3.2113569,3.6918166,2.3841858e-06,-2.3647857,-3.6655817,-1.1920929e-07,-3.5002,-3.7524436
154,140,56,246,77,284,77,0,1,0,22.97,55.0,new,ra_feature77,TA,2,2,1026.0116033554077,780000,1e-06,20,0.1,13,True,-119.65562,77,-4.191184,-5.2678585,-0.10636854,1.0379558,-0.4519578,-3.2594447,3.6954386,2.861023e-06,-2.3724432,-3.68837,-1.1920929e-07,-3.556295,-3.764666
155,1083,150,2827,223,5519,1024,0,1,0,191.96,3561.0,new,ra_feature77,TA,3,3,1026.0116033554077,780000,1e-06,20,0.1,13,True,-119.65562,77,-4.191184,-5.2678585,-0.10636854,1.0379558,-0.4519578,-3.2594447,3.6954386,2.861023e-06,-2.3724432,-3.68837,-1.1920929e-07,-3.556295,-3.764666
156,140,56,246,77,374,76,0,1,0,21.94,96.0,new,ra_feature78,TA,2,2,1039.4330840110779,790000,1e-06,20,0.1,13,True,-121.26241,78,-4.178674,-5.2072334,-0.12929392,1.0221148,-0.48463976,-3.2520816,3.7011297,2.861023e-06,-2.3706515,-3.6642027,-1.1920929e-07,-3.5253592,-3.7069612
157,1083,176,2807,281,5359,1005,0,1,0,265.54,3448.0,new,ra_feature78,TA,3,3,1039.4330840110779,790000,1e-06,20,0.1,13,True,-121.26241,78,-4.178674,-5.2072334,-0.12929392,1.0221148,-0.48463976,-3.2520816,3.7011297,2.861023e-06,-2.3706515,-3.6642027,-1.1920929e-07,-3.5253592,-3.7069612
158,140,54,222,73,284,50,0,1,0,18.96,64.0,new,ra_feature79,TA,2,2,1052.7316789627075,800000,1e-06,20,0.1,13,True,-119.724945,79,-4.165181,-5.237831,0.025596142,1.0888654,-0.36561435,-3.3668063,3.946153,2.861023e-06,-2.438865,-3.641789,-1.1920929e-07,-3.553616,-3.8054328
159,1083,143,2358,204,4611,552,0,1,0,71.7,3441.0,new,ra_feature79,TA,3,3,1052.7316789627075,800000,1e-06,20,0.1,13,True,-119.724945,79,-4.165181,-5.237831,0.025596142,1.0888654,-0.36561435,-3.3668063,3.946153,2.861023e-06,-2.438865,-3.641789,-1.1920929e-07,-3.553616,-3.8054328
160,140,58,225,81,289,46,0,1,0,18.96,64.0,new,ra_feature80,TA,2,2,1065.9990847110748,810000,1e-06,20,0.1,13,True,-119.57289,80,-4.127273,-5.343732,-0.08804011,1.109698,-0.3672815,-3.4350905,3.9127903,2.861023e-06,-2.4823627,-3.6570163,-1.1920929e-07,-3.63794,-3.7574615
161,1083,130,2523,179,4523,363,0,1,0,91.53,3404.0,new,ra_feature80,TA,3,3,1065.9990847110748,810000,1e-06,20,0.1,13,True,-119.57289,80,-4.127273,-5.343732,-0.08804011,1.109698,-0.3672815,-3.4350905,3.9127903,2.861023e-06,-2.4823627,-3.6570163,-1.1920929e-07,-3.63794,-3.7574615
162,140,58,220,81,303,40,0,1,0,18.96,55.0,new,ra_feature81,TA,2,2,1079.2989590168,820000,1e-06,20,0.1,13,True,-122.01984,81,-4.122713,-5.370119,-0.13893604,1.087833,-0.47698298,-3.4147787,3.7867846,2.3841858e-06,-2.4552703,-3.650117,-1.1920929e-07,-3.6485848,-3.754374
163,1083,160,2908,244,5585,802,0,1,0,287.66,3631.0,new,ra_feature81,TA,3,3,1079.2989590168,820000,1e-06,20,0.1,13,True,-122.01984,81,-4.122713,-5.370119,-0.13893604,1.087833,-0.47698298,-3.4147787,3.7867846,2.3841858e-06,-2.4552703,-3.650117,-1.1920929e-07,-3.6485848,-3.754374
164,140,58,228,81,359,48,0,1,0,19.95,92.0,new,ra_feature82,TA,2,2,1092.5947675704956,830000,1e-06,20,0.1,13,True,-122.42265,82,-4.126284,-5.426633,-0.10112357,1.0980012,-0.41529703,-3.4736674,3.852783,2.861023e-06,-2.4932237,-3.6536725,-1.1920929e-07,-3.6797175,-3.7812743
165,1083,126,2600,171,4325,349,0,1,0,112.7,3245.0,new,ra_feature82,TA,3,3,1092.5947675704956,830000,1e-06,20,0.1,13,True,-122.42265,82,-4.126284,-5.426633,-0.10112357,1.0980012,-0.41529703,-3.4736674,3.852783,2.861023e-06,-2.4932237,-3.6536725,-1.1920929e-07,-3.6797175,-3.7812743
166,140,58,249,81,289,72,0,1,0,24.96,74.0,new,ra_feature83,TA,2,2,1105.8746914863586,840000,1e-06,20,0.1,13,True,-124.519936,83,-4.139777,-5.306496,-0.098911285,1.0514995,-0.40400282,-3.4179986,3.8184657,2.3841858e-06,-2.464197,-3.57727,-1.1920929e-07,-3.6516705,-3.749392
167,1083,171,2910,270,5474,780,0,1,0,93.35,3540.0,new,ra_feature83,TA,3,3,1105.8746914863586,840000,1e-06,20,0.1,13,True,-124.519936,83,-4.139777,-5.306496,-0.098911285,1.0514995,-0.40400282,-3.4179986,3.8184657,2.3841858e-06,-2.464197,-3.57727,-1.1920929e-07,-3.6516705,-3.749392
168,140,58,222,81,278,38,0,1,0,18.96,67.0,new,ra_feature84,TA,2,2,1119.1738090515137,850000,1e-06,20,0.1,13,True,-123.31382,84,-4.103101,-5.488784,-0.13652802,1.0960824,-0.36142072,-3.5438173,3.8229115,2.861023e-06,-2.5092812,-3.6067324,-1.1920929e-07,-3.7783713,-3.760041
169,1083,190,3006,320,5573,703,0,1,0,233.7,3638.0,new,ra_feature84,TA,3,3,1119.1738090515137,850000,1e-06,20,0.1,13,True,-123.31382,84,-4.103101,-5.488784,-0.13652802,1.0960824,-0.36142072,-3.5438173,3.8229115,2.861023e-06,-2.5092812,-3.6067324,-1.1920929e-07,-3.7783713,-3.760041
170,140,58,221,81,275,40,0,1,0,18.95,51.0,new,ra_feature85,TA,2,2,1132.584137916565,860000,1e-06,20,0.1,13,True,-124.96185,85,-4.097748,-5.383238,-0.11400819,1.0846189,-0.4085733,-3.5187416,3.864589,2.861023e-06,-2.5042694,-3.6140156,-1.1920929e-07,-3.7139058,-3.7221835
171,1083,232,2973,406,5749,688,0,1,0,115.83,3852.0,new,ra_feature85,TA,3,3,1132.584137916565,860000,1e-06,20,0.1,13,True,-124.96185,85,-4.097748,-5.383238,-0.11400819,1.0846189,-0.4085733,-3.5187416,3.864589,2.861023e-06,-2.5042694,-3.6140156,-1.1920929e-07,-3.7139058,-3.7221835
172,140,58,227,81,294,48,0,1,0,19.96,72.0,new,ra_feature86,TA,2,2,1145.934874534607,870000,1e-06,20,0.1,13,True,-126.36077,86,-4.132338,-5.424248,-0.05803895,1.0833818,-0.4393557,-3.5448625,3.8543496,2.3841858e-06,-2.5146122,-3.6306696,-1.1920929e-07,-3.6887128,-3.7478468
173,1083,235,2991,414,5480,642,0,1,0,88.39,3580.0,new,ra_feature86,TA,3,3,1145.934874534607,870000,1e-06,20,0.1,13,True,-126.36077,86,-4.132338,-5.424248,-0.05803895,1.0833818,-0.4393557,-3.5448625,3.8543496,2.3841858e-06,-2.5146122,-3.6306696,-1.1920929e-07,-3.6887128,-3.7478468
174,140,58,227,81,348,48,0,1,0,19.95,87.0,new,ra_feature87,TA,2,2,1159.2602121829987,880000,1e-06,20,0.1,13,True,-128.01817,87,-4.165685,-5.4551935,-0.082470894,1.0718892,-0.41903916,-3.5522063,3.779517,2.861023e-06,-2.521781,-3.6095226,-1.1920929e-07,-3.657414,-3.7868109
175,1083,190,2992,320,5851,685,0,1,0,70.26,3837.0,new,ra_feature87,TA,3,3,1159.2602121829987,880000,1e-06,20,0.1,13,True,-128.01817,87,-4.165685,-5.4551935,-0.082470894,1.0718892,-0.41903916,-3.5522063,3.779517,2.861023e-06,-2.521781,-3.6095226,-1.1920929e-07,-3.657414,-3.7868109
176,140,58,235,81,280,48,0,1,0,20.97,54.0,new,ra_feature88,TA,2,2,1172.564995765686,890000,1e-06,20,0.1,13,True,-127.953476,88,-4.159171,-5.484796,-0.015164375,1.0942583,-0.38791442,-3.6185176,3.8589134,2.861023e-06,-2.5726328,-3.644087,-1.1920929e-07,-3.656089,-3.809551
177,1083,236,2755,406,4581,313,0,1,0,192.83,3374.0,new,ra_feature88,TA,3,3,1172.564995765686,890000,1e-06,20,0.1,13,True,-127.953476,88,-4.159171,-5.484796,-0.015164375,1.0942583,-0.38791442,-3.6185176,3.8589134,2.861023e-06,-2.5726328,-3.644087,-1.1920929e-07,-3.656089,-3.809551
178,140,58,234,81,279,44,0,1,0,20.97,66.0,new,ra_feature89,TA,2,2,1185.9948642253876,900000,1e-06,20,0.1,13,True,-128.06618,89,-4.110758,-5.441004,-0.08532572,1.1027942,-0.35052583,-3.6523461,3.932228,2.861023e-06,-2.5691123,-3.6471543,-1.1920929e-07,-3.6613479,-3.8085785
179,1083,249,2773,451,4547,292,0,1,0,194.7,3412.0,new,ra_feature89,TA,3,3,1185.9948642253876,900000,1e-06,20,0.1,13,True,-128.06618,89,-4.110758,-5.441004,-0.08532572,1.1027942,-0.35052583,-3.6523461,3.932228,2.861023e-06,-2.5691123,-3.6471543,-1.1920929e-07,-3.6613479,-3.8085785
180,140,72,242,112,305,47,0,1,0,21.96,73.0,new,ra_feature90,TA,2,2,1199.4001817703247,910000,1e-06,20,0.1,13,True,-128.11916,90,-4.109996,-5.5675087,-0.00571084,1.1261592,-0.3410861,-3.7302132,3.909248,2.861023e-06,-2.627173,-3.6128118,-1.1920929e-07,-3.7555091,-3.8498807
181,1083,263,2818,470,4538,299,0,1,0,169.43,3462.0,new,ra_feature90,TA,3,3,1199.4001817703247,910000,1e-06,20,0.1,13,True,-128.11916,90,-4.109996,-5.5675087,-0.00571084,1.1261592,-0.3410861,-3.7302132,3.909248,2.861023e-06,-2.627173,-3.6128118,-1.1920929e-07,-3.7555091,-3.8498807
